2025-06-23,8339,山田美月,break,12:00-13:00,,,
2025-06-24,8339,山田美月,break,12:00-13:00,,,
2025-06-25,8339,山田美月,break,12:00-13:00,,,
2025-06-26,8339,山田美月,break,12:00-13:00,,,
2025-06-27,8339,山田美月,break,12:00-13:00,,,
2025-06-30,8339,山田美月,break,12:00-13:00,,,
2025-06-23,7764,加藤優斗,break,12:00-13:00,,,
2025-06-24,7764,加藤優斗,break,12:00-13:00,,,
2025-06-25,7764,加藤優斗,break,12:00-13:00,,,
2025-06-26,7764,加藤優斗,break,12:00-13:00,,,
2025-06-27,7764,加藤優斗,break,12:00-13:00,,,
2025-06-30,7764,加藤優斗,break,12:00-13:00,,,
2025-06-23,8854,高橋千尋,break,12:00-13:00,,,
2025-06-24,8854,高橋千尋,break,12:00-13:00,,,
2025-06-25,8854,高橋千尋,break,12:00-13:00,,,
2025-06-26,8854,高橋千尋,break,12:00-13:00,,,
2025-06-27,8854,高橋千尋,break,12:00-13:00,,,
2025-06-30,8854,高橋千尋,break,12:00-13:00,,,
2025-06-23,4825,小林彩香,break,12:00-13:00,,,
2025-06-24,4825,小林彩香,break,12:00-13:00,,,
2025-06-25,4825,小林彩香,break,12:00-13:00,,,
2025-06-26,4825,小林彩香,break,12:00-13:00,,,
2025-06-27,4825,小林彩香,break,12:00-13:00,,,
2025-06-30,4825,小林彩香,break,12:00-13:00,,,
2025-06-23,8521,吉田美優,break,12:00-13:00,,,
2025-06-24,8521,吉田美優,break,12:00-13:00,,,
2025-06-25,8521,吉田美優,break,12:00-13:00,,,
2025-06-26,8521,吉田美優,break,12:00-13:00,,,
2025-06-27,8521,吉田美優,break,12:00-13:00,,,
2025-06-30,8521,吉田美優,break,12:00-13:00,,,
2025-06-23,3600,山口葵,break,12:00-13:00,,,
2025-06-24,3600,山口葵,break,12:00-13:00,,,
2025-06-25,3600,山口葵,break,12:00-13:00,,,
2025-06-26,3600,山口葵,break,12:00-13:00,,,
2025-06-27,3600,山口葵,break,12:00-13:00,,,
2025-06-30,3600,山口葵,break,12:00-13:00,,,
2025-06-23,5408,山口優斗,break,12:00-13:00,,,
2025-06-24,5408,山口優斗,break,12:00-13:00,,,
2025-06-25,5408,山口優斗,break,12:00-13:00,,,
2025-06-26,5408,山口優斗,break,12:00-13:00,,,
2025-06-27,5408,山口優斗,break,12:00-13:00,,,
2025-06-30,5408,山口優斗,break,12:00-13:00,,,
2025-06-23,6164,佐藤結衣,break,12:00-13:00,,,
2025-06-24,6164,佐藤結衣,break,12:00-13:00,,,
2025-06-25,6164,佐藤結衣,break,12:00-13:00,,,
2025-06-26,6164,佐藤結衣,break,12:00-13:00,,,
2025-06-27,6164,佐藤結衣,break,12:00-13:00,,,
2025-06-30,6164,佐藤結衣,break,12:00-13:00,,,
2025-06-23,7260,斎藤健一,break,12:00-13:00,,,
2025-06-24,7260,斎藤健一,break,12:00-13:00,,,
2025-06-25,7260,斎藤健一,break,12:00-13:00,,,
2025-06-26,7260,斎藤健一,break,12:00-13:00,,,
2025-06-27,7260,斎藤健一,break,12:00-13:00,,,
2025-06-30,7260,斎藤健一,break,12:00-13:00,,,
2025-06-23,4367,佐々木葵,break,12:00-13:00,,,
2025-06-24,4367,佐々木葵,break,12:00-13:00,,,
2025-06-25,4367,佐々木葵,break,12:00-13:00,,,
2025-06-26,4367,佐々木葵,break,12:00-13:00,,,
2025-06-27,4367,佐々木葵,break,12:00-13:00,,,
2025-06-30,4367,佐々木葵,break,12:00-13:00,,,
2025-06-23,2827,井上悠人,break,12:00-13:00,,,
2025-06-24,2827,井上悠人,break,12:00-13:00,,,
2025-06-25,2827,井上悠人,break,12:00-13:00,,,
2025-06-26,2827,井上悠人,break,12:00-13:00,,,
2025-06-27,2827,井上悠人,break,12:00-13:00,,,
2025-06-30,2827,井上悠人,break,12:00-13:00,,,
2025-06-23,6306,吉田美咲,break,12:00-13:00,,,
2025-06-24,6306,吉田美咲,break,12:00-13:00,,,
2025-06-25,6306,吉田美咲,break,12:00-13:00,,,
2025-06-26,6306,吉田美咲,break,12:00-13:00,,,
2025-06-27,6306,吉田美咲,break,12:00-13:00,,,
2025-06-30,6306,吉田美咲,break,12:00-13:00,,,
2025-06-23,2045,山口一郎,break,12:00-13:00,,,
2025-06-24,2045,山口一郎,break,12:00-13:00,,,
2025-06-25,2045,山口一郎,break,12:00-13:00,,,
2025-06-26,2045,山口一郎,break,12:00-13:00,,,
2025-06-27,2045,山口一郎,break,12:00-13:00,,,
2025-06-30,2045,山口一郎,break,12:00-13:00,,,
2025-06-23,9894,佐々木真由美,break,12:00-13:00,,,
2025-06-24,9894,佐々木真由美,break,12:00-13:00,,,
2025-06-25,9894,佐々木真由美,break,12:00-13:00,,,
2025-06-26,9894,佐々木真由美,break,12:00-13:00,,,
2025-06-27,9894,佐々木真由美,break,12:00-13:00,,,
2025-06-30,9894,佐々木真由美,break,12:00-13:00,,,
2025-06-23,9441,斎藤颯太,break,12:00-13:00,,,
2025-06-24,9441,斎藤颯太,break,12:00-13:00,,,
2025-06-25,9441,斎藤颯太,break,12:00-13:00,,,
2025-06-26,9441,斎藤颯太,break,12:00-13:00,,,
2025-06-27,9441,斎藤颯太,break,12:00-13:00,,,
2025-06-30,9441,斎藤颯太,break,12:00-13:00,,,
2025-06-23,6953,山田愛,break,12:00-13:00,,,
2025-06-24,6953,山田愛,break,12:00-13:00,,,
2025-06-25,6953,山田愛,break,12:00-13:00,,,
2025-06-26,6953,山田愛,break,12:00-13:00,,,
2025-06-27,6953,山田愛,break,12:00-13:00,,,
2025-06-30,6953,山田愛,break,12:00-13:00,,,
2025-06-23,324,木村千尋,break,12:00-13:00,,,
2025-06-24,324,木村千尋,break,12:00-13:00,,,
2025-06-25,324,木村千尋,break,12:00-13:00,,,
2025-06-26,324,木村千尋,break,12:00-13:00,,,
2025-06-27,324,木村千尋,break,12:00-13:00,,,
2025-06-30,324,木村千尋,break,12:00-13:00,,,
2025-06-23,788,鈴木拓海,break,12:00-13:00,,,
2025-06-24,788,鈴木拓海,break,12:00-13:00,,,
2025-06-25,788,鈴木拓海,break,12:00-13:00,,,
2025-06-26,788,鈴木拓海,break,12:00-13:00,,,
2025-06-27,788,鈴木拓海,break,12:00-13:00,,,
2025-06-30,788,鈴木拓海,break,12:00-13:00,,,
2025-06-23,8882,佐藤美優,break,12:00-13:00,,,
2025-06-24,8882,佐藤美優,break,12:00-13:00,,,
2025-06-25,8882,佐藤美優,break,12:00-13:00,,,
2025-06-26,8882,佐藤美優,break,12:00-13:00,,,
2025-06-27,8882,佐藤美優,break,12:00-13:00,,,
2025-06-30,8882,佐藤美優,break,12:00-13:00,,,
2025-06-23,4374,井上直樹,break,12:00-13:00,,,
2025-06-24,4374,井上直樹,break,12:00-13:00,,,
2025-06-25,4374,井上直樹,break,12:00-13:00,,,
2025-06-26,4374,井上直樹,break,12:00-13:00,,,
2025-06-27,4374,井上直樹,break,12:00-13:00,,,
2025-06-30,4374,井上直樹,break,12:00-13:00,,,
2025-06-23,6665,田中直樹,break,12:00-13:00,,,
2025-06-24,6665,田中直樹,break,12:00-13:00,,,
2025-06-25,6665,田中直樹,break,12:00-13:00,,,
2025-06-26,6665,田中直樹,break,12:00-13:00,,,
2025-06-27,6665,田中直樹,break,12:00-13:00,,,
2025-06-30,6665,田中直樹,break,12:00-13:00,,,
2025-06-23,4375,田中拓海,break,12:00-13:00,,,
2025-06-24,4375,田中拓海,break,12:00-13:00,,,
2025-06-25,4375,田中拓海,break,12:00-13:00,,,
2025-06-26,4375,田中拓海,break,12:00-13:00,,,
2025-06-27,4375,田中拓海,break,12:00-13:00,,,
2025-06-30,4375,田中拓海,break,12:00-13:00,,,
2025-06-23,6660,高橋彩香,break,12:00-13:00,,,
2025-06-24,6660,高橋彩香,break,12:00-13:00,,,
2025-06-25,6660,高橋彩香,break,12:00-13:00,,,
2025-06-26,6660,高橋彩香,break,12:00-13:00,,,
2025-06-27,6660,高橋彩香,break,12:00-13:00,,,
2025-06-30,6660,高橋彩香,break,12:00-13:00,,,
2025-06-23,9958,山本翔太,break,12:00-13:00,,,
2025-06-24,9958,山本翔太,break,12:00-13:00,,,
2025-06-25,9958,山本翔太,break,12:00-13:00,,,
2025-06-26,9958,山本翔太,break,12:00-13:00,,,
2025-06-27,9958,山本翔太,break,12:00-13:00,,,
2025-06-30,9958,山本翔太,break,12:00-13:00,,,
2025-06-23,9596,渡辺一郎,break,12:00-13:00,,,
2025-06-24,9596,渡辺一郎,break,12:00-13:00,,,
2025-06-25,9596,渡辺一郎,break,12:00-13:00,,,
2025-06-26,9596,渡辺一郎,break,12:00-13:00,,,
2025-06-27,9596,渡辺一郎,break,12:00-13:00,,,
2025-06-30,9596,渡辺一郎,break,12:00-13:00,,,
2025-06-23,8886,小林一郎,break,12:00-13:00,,,
2025-06-24,8886,小林一郎,break,12:00-13:00,,,
2025-06-25,8886,小林一郎,break,12:00-13:00,,,
2025-06-26,8886,小林一郎,break,12:00-13:00,,,
2025-06-27,8886,小林一郎,break,12:00-13:00,,,
2025-06-30,8886,小林一郎,break,12:00-13:00,,,
2025-06-23,7887,伊藤花子,break,12:00-13:00,,,
2025-06-24,7887,伊藤花子,break,12:00-13:00,,,
2025-06-25,7887,伊藤花子,break,12:00-13:00,,,
2025-06-26,7887,伊藤花子,break,12:00-13:00,,,
2025-06-27,7887,伊藤花子,break,12:00-13:00,,,
2025-06-30,7887,伊藤花子,break,12:00-13:00,,,
2025-06-23,2052,伊藤葵,break,12:00-13:00,,,
2025-06-24,2052,伊藤葵,break,12:00-13:00,,,
2025-06-25,2052,伊藤葵,break,12:00-13:00,,,
2025-06-26,2052,伊藤葵,break,12:00-13:00,,,
2025-06-27,2052,伊藤葵,break,12:00-13:00,,,
2025-06-30,2052,伊藤葵,break,12:00-13:00,,,
2025-06-23,3963,山田真由美,break,12:00-13:00,,,
2025-06-24,3963,山田真由美,break,12:00-13:00,,,
2025-06-25,3963,山田真由美,break,12:00-13:00,,,
2025-06-26,3963,山田真由美,break,12:00-13:00,,,
2025-06-27,3963,山田真由美,break,12:00-13:00,,,
2025-06-30,3963,山田真由美,break,12:00-13:00,,,
2025-06-23,3357,伊藤美優,break,12:00-13:00,,,
2025-06-24,3357,伊藤美優,break,12:00-13:00,,,
2025-06-25,3357,伊藤美優,break,12:00-13:00,,,
2025-06-26,3357,伊藤美優,break,12:00-13:00,,,
2025-06-27,3357,伊藤美優,break,12:00-13:00,,,
2025-06-30,3357,伊藤美優,break,12:00-13:00,,,
2025-06-23,3701,清水真由美,break,12:00-13:00,,,
2025-06-24,3701,清水真由美,break,12:00-13:00,,,
2025-06-25,3701,清水真由美,break,12:00-13:00,,,
2025-06-26,3701,清水真由美,break,12:00-13:00,,,
2025-06-27,3701,清水真由美,break,12:00-13:00,,,
2025-06-30,3701,清水真由美,break,12:00-13:00,,,
2025-06-23,2100,佐々木一郎,break,12:00-13:00,,,
2025-06-24,2100,佐々木一郎,break,12:00-13:00,,,
2025-06-25,2100,佐々木一郎,break,12:00-13:00,,,
2025-06-26,2100,佐々木一郎,break,12:00-13:00,,,
2025-06-27,2100,佐々木一郎,break,12:00-13:00,,,
2025-06-30,2100,佐々木一郎,break,12:00-13:00,,,
2025-06-23,9814,井上葵,break,12:00-13:00,,,
2025-06-24,9814,井上葵,break,12:00-13:00,,,
2025-06-25,9814,井上葵,break,12:00-13:00,,,
2025-06-26,9814,井上葵,break,12:00-13:00,,,
2025-06-27,9814,井上葵,break,12:00-13:00,,,
2025-06-30,9814,井上葵,break,12:00-13:00,,,
2025-06-23,8122,佐々木翔太,break,12:00-13:00,,,
2025-06-24,8122,佐々木翔太,break,12:00-13:00,,,
2025-06-25,8122,佐々木翔太,break,12:00-13:00,,,
2025-06-26,8122,佐々木翔太,break,12:00-13:00,,,
2025-06-27,8122,佐々木翔太,break,12:00-13:00,,,
2025-06-30,8122,佐々木翔太,break,12:00-13:00,,,
2025-06-23,154,清水美月,break,12:00-13:00,,,
2025-06-24,154,清水美月,break,12:00-13:00,,,
2025-06-25,154,清水美月,break,12:00-13:00,,,
2025-06-26,154,清水美月,break,12:00-13:00,,,
2025-06-27,154,清水美月,break,12:00-13:00,,,
2025-06-30,154,清水美月,break,12:00-13:00,,,
2025-06-23,7972,斎藤千尋,break,12:00-13:00,,,
2025-06-24,7972,斎藤千尋,break,12:00-13:00,,,
2025-06-25,7972,斎藤千尋,break,12:00-13:00,,,
2025-06-26,7972,斎藤千尋,break,12:00-13:00,,,
2025-06-27,7972,斎藤千尋,break,12:00-13:00,,,
2025-06-30,7972,斎藤千尋,break,12:00-13:00,,,
2025-06-23,9398,吉田結衣,break,12:00-13:00,,,
2025-06-24,9398,吉田結衣,break,12:00-13:00,,,
2025-06-25,9398,吉田結衣,break,12:00-13:00,,,
2025-06-26,9398,吉田結衣,break,12:00-13:00,,,
2025-06-27,9398,吉田結衣,break,12:00-13:00,,,
2025-06-30,9398,吉田結衣,break,12:00-13:00,,,
2025-06-23,7010,清水颯太,break,12:00-13:00,,,
2025-06-24,7010,清水颯太,break,12:00-13:00,,,
2025-06-25,7010,清水颯太,break,12:00-13:00,,,
2025-06-26,7010,清水颯太,break,12:00-13:00,,,
2025-06-27,7010,清水颯太,break,12:00-13:00,,,
2025-06-30,7010,清水颯太,break,12:00-13:00,,,
2025-06-23,6140,清水千尋,break,12:00-13:00,,,
2025-06-24,6140,清水千尋,break,12:00-13:00,,,
2025-06-25,6140,清水千尋,break,12:00-13:00,,,
2025-06-26,6140,清水千尋,break,12:00-13:00,,,
2025-06-27,6140,清水千尋,break,12:00-13:00,,,
2025-06-30,6140,清水千尋,break,12:00-13:00,,,
2025-06-23,4325,佐々木健太,break,12:00-13:00,,,
2025-06-24,4325,佐々木健太,break,12:00-13:00,,,
2025-06-25,4325,佐々木健太,break,12:00-13:00,,,
2025-06-26,4325,佐々木健太,break,12:00-13:00,,,
2025-06-27,4325,佐々木健太,break,12:00-13:00,,,
2025-06-30,4325,佐々木健太,break,12:00-13:00,,,
2025-06-23,7916,田中健一,break,12:00-13:00,,,
2025-06-24,7916,田中健一,break,12:00-13:00,,,
2025-06-25,7916,田中健一,break,12:00-13:00,,,
2025-06-26,7916,田中健一,break,12:00-13:00,,,
2025-06-27,7916,田中健一,break,12:00-13:00,,,
2025-06-30,7916,田中健一,break,12:00-13:00,,,
2025-06-23,8045,小林結衣,break,12:00-13:00,,,
2025-06-24,8045,小林結衣,break,12:00-13:00,,,
2025-06-25,8045,小林結衣,break,12:00-13:00,,,
2025-06-26,8045,小林結衣,break,12:00-13:00,,,
2025-06-27,8045,小林結衣,break,12:00-13:00,,,
2025-06-30,8045,小林結衣,break,12:00-13:00,,,
2025-06-23,735,中村結衣,break,12:00-13:00,,,
2025-06-24,735,中村結衣,break,12:00-13:00,,,
2025-06-25,735,中村結衣,break,12:00-13:00,,,
2025-06-26,735,中村結衣,break,12:00-13:00,,,
2025-06-27,735,中村結衣,break,12:00-13:00,,,
2025-06-30,735,中村結衣,break,12:00-13:00,,,
2025-06-23,5868,清水一郎,break,12:00-13:00,,,
2025-06-24,5868,清水一郎,break,12:00-13:00,,,
2025-06-25,5868,清水一郎,break,12:00-13:00,,,
2025-06-26,5868,清水一郎,break,12:00-13:00,,,
2025-06-27,5868,清水一郎,break,12:00-13:00,,,
2025-06-30,5868,清水一郎,break,12:00-13:00,,,
2025-06-23,960,渡辺結衣,break,12:00-13:00,,,
2025-06-24,960,渡辺結衣,break,12:00-13:00,,,
2025-06-25,960,渡辺結衣,break,12:00-13:00,,,
2025-06-26,960,渡辺結衣,break,12:00-13:00,,,
2025-06-27,960,渡辺結衣,break,12:00-13:00,,,
2025-06-30,960,渡辺結衣,break,12:00-13:00,,,
2025-06-23,7018,清水結衣,break,12:00-13:00,,,
2025-06-24,7018,清水結衣,break,12:00-13:00,,,
2025-06-25,7018,清水結衣,break,12:00-13:00,,,
2025-06-26,7018,清水結衣,break,12:00-13:00,,,
2025-06-27,7018,清水結衣,break,12:00-13:00,,,
2025-06-30,7018,清水結衣,break,12:00-13:00,,,
2025-06-23,6465,伊藤真由美,break,12:00-13:00,,,
2025-06-24,6465,伊藤真由美,break,12:00-13:00,,,
2025-06-25,6465,伊藤真由美,break,12:00-13:00,,,
2025-06-26,6465,伊藤真由美,break,12:00-13:00,,,
2025-06-27,6465,伊藤真由美,break,12:00-13:00,,,
2025-06-30,6465,伊藤真由美,break,12:00-13:00,,,
2025-06-23,2252,佐藤健太,break,12:00-13:00,,,
2025-06-24,2252,佐藤健太,break,12:00-13:00,,,
2025-06-25,2252,佐藤健太,break,12:00-13:00,,,
2025-06-26,2252,佐藤健太,break,12:00-13:00,,,
2025-06-27,2252,佐藤健太,break,12:00-13:00,,,
2025-06-30,2252,佐藤健太,break,12:00-13:00,,,
2025-06-23,1529,渡辺真由美,break,12:00-13:00,,,
2025-06-24,1529,渡辺真由美,break,12:00-13:00,,,
2025-06-25,1529,渡辺真由美,break,12:00-13:00,,,
2025-06-26,1529,渡辺真由美,break,12:00-13:00,,,
2025-06-27,1529,渡辺真由美,break,12:00-13:00,,,
2025-06-30,1529,渡辺真由美,break,12:00-13:00,,,
2025-06-23,5435,山口美咲,break,12:00-13:00,,,
2025-06-24,5435,山口美咲,break,12:00-13:00,,,
2025-06-25,5435,山口美咲,break,12:00-13:00,,,
2025-06-26,5435,山口美咲,break,12:00-13:00,,,
2025-06-27,5435,山口美咲,break,12:00-13:00,,,
2025-06-30,5435,山口美咲,break,12:00-13:00,,,
2025-06-23,322,山本千尋,break,12:00-13:00,,,
2025-06-24,322,山本千尋,break,12:00-13:00,,,
2025-06-25,322,山本千尋,break,12:00-13:00,,,
2025-06-26,322,山本千尋,break,12:00-13:00,,,
2025-06-27,322,山本千尋,break,12:00-13:00,,,
2025-06-30,322,山本千尋,break,12:00-13:00,,,
2025-06-23,1611,田中美優,break,12:00-13:00,,,
2025-06-24,1611,田中美優,break,12:00-13:00,,,
2025-06-25,1611,田中美優,break,12:00-13:00,,,
2025-06-26,1611,田中美優,break,12:00-13:00,,,
2025-06-27,1611,田中美優,break,12:00-13:00,,,
2025-06-30,1611,田中美優,break,12:00-13:00,,,
2025-06-23,3825,吉田悠人,break,12:00-13:00,,,
2025-06-24,3825,吉田悠人,break,12:00-13:00,,,
2025-06-25,3825,吉田悠人,break,12:00-13:00,,,
2025-06-26,3825,吉田悠人,break,12:00-13:00,,,
2025-06-27,3825,吉田悠人,break,12:00-13:00,,,
2025-06-30,3825,吉田悠人,break,12:00-13:00,,,
2025-06-23,4278,松本直樹,break,12:00-13:00,,,
2025-06-24,4278,松本直樹,break,12:00-13:00,,,
2025-06-25,4278,松本直樹,break,12:00-13:00,,,
2025-06-26,4278,松本直樹,break,12:00-13:00,,,
2025-06-27,4278,松本直樹,break,12:00-13:00,,,
2025-06-30,4278,松本直樹,break,12:00-13:00,,,
2025-06-23,3326,山田健一,break,12:00-13:00,,,
2025-06-24,3326,山田健一,break,12:00-13:00,,,
2025-06-25,3326,山田健一,break,12:00-13:00,,,
2025-06-26,3326,山田健一,break,12:00-13:00,,,
2025-06-27,3326,山田健一,break,12:00-13:00,,,
2025-06-30,3326,山田健一,break,12:00-13:00,,,
2025-06-23,7309,吉田花子,break,12:00-13:00,,,
2025-06-24,7309,吉田花子,break,12:00-13:00,,,
2025-06-25,7309,吉田花子,break,12:00-13:00,,,
2025-06-26,7309,吉田花子,break,12:00-13:00,,,
2025-06-27,7309,吉田花子,break,12:00-13:00,,,
2025-06-30,7309,吉田花子,break,12:00-13:00,,,
2025-06-23,5823,林直樹,break,12:00-13:00,,,
2025-06-24,5823,林直樹,break,12:00-13:00,,,
2025-06-25,5823,林直樹,break,12:00-13:00,,,
2025-06-26,5823,林直樹,break,12:00-13:00,,,
2025-06-27,5823,林直樹,break,12:00-13:00,,,
2025-06-30,5823,林直樹,break,12:00-13:00,,,
2025-06-23,6046,小林優斗,break,12:00-13:00,,,
2025-06-24,6046,小林優斗,break,12:00-13:00,,,
2025-06-25,6046,小林優斗,break,12:00-13:00,,,
2025-06-26,6046,小林優斗,break,12:00-13:00,,,
2025-06-27,6046,小林優斗,break,12:00-13:00,,,
2025-06-30,6046,小林優斗,break,12:00-13:00,,,
2025-06-23,6291,小林美月,break,12:00-13:00,,,
2025-06-24,6291,小林美月,break,12:00-13:00,,,
2025-06-25,6291,小林美月,break,12:00-13:00,,,
2025-06-26,6291,小林美月,break,12:00-13:00,,,
2025-06-27,6291,小林美月,break,12:00-13:00,,,
2025-06-30,6291,小林美月,break,12:00-13:00,,,
2025-06-23,1742,山田葵,break,12:00-13:00,,,
2025-06-24,1742,山田葵,break,12:00-13:00,,,
2025-06-25,1742,山田葵,break,12:00-13:00,,,
2025-06-26,1742,山田葵,break,12:00-13:00,,,
2025-06-27,1742,山田葵,break,12:00-13:00,,,
2025-06-30,1742,山田葵,break,12:00-13:00,,,
2025-06-23,2078,佐々木健一,break,12:00-13:00,,,
2025-06-24,2078,佐々木健一,break,12:00-13:00,,,
2025-06-25,2078,佐々木健一,break,12:00-13:00,,,
2025-06-26,2078,佐々木健一,break,12:00-13:00,,,
2025-06-27,2078,佐々木健一,break,12:00-13:00,,,
2025-06-30,2078,佐々木健一,break,12:00-13:00,,,
2025-06-23,7291,斎藤彩香,break,12:00-13:00,,,
2025-06-24,7291,斎藤彩香,break,12:00-13:00,,,
2025-06-25,7291,斎藤彩香,break,12:00-13:00,,,
2025-06-26,7291,斎藤彩香,break,12:00-13:00,,,
2025-06-27,7291,斎藤彩香,break,12:00-13:00,,,
2025-06-30,7291,斎藤彩香,break,12:00-13:00,,,
2025-06-23,9969,山本彩香,break,12:00-13:00,,,
2025-06-24,9969,山本彩香,break,12:00-13:00,,,
2025-06-25,9969,山本彩香,break,12:00-13:00,,,
2025-06-26,9969,山本彩香,break,12:00-13:00,,,
2025-06-27,9969,山本彩香,break,12:00-13:00,,,
2025-06-30,9969,山本彩香,break,12:00-13:00,,,
2025-06-23,9261,吉田健一,break,12:00-13:00,,,
2025-06-24,9261,吉田健一,break,12:00-13:00,,,
2025-06-25,9261,吉田健一,break,12:00-13:00,,,
2025-06-26,9261,吉田健一,break,12:00-13:00,,,
2025-06-27,9261,吉田健一,break,12:00-13:00,,,
2025-06-30,9261,吉田健一,break,12:00-13:00,,,
2025-06-23,2412,加藤悠人,break,12:00-13:00,,,
2025-06-24,2412,加藤悠人,break,12:00-13:00,,,
2025-06-25,2412,加藤悠人,break,12:00-13:00,,,
2025-06-26,2412,加藤悠人,break,12:00-13:00,,,
2025-06-27,2412,加藤悠人,break,12:00-13:00,,,
2025-06-30,2412,加藤悠人,break,12:00-13:00,,,
2025-06-23,9783,高橋直樹,break,12:00-13:00,,,
2025-06-24,9783,高橋直樹,break,12:00-13:00,,,
2025-06-25,9783,高橋直樹,break,12:00-13:00,,,
2025-06-26,9783,高橋直樹,break,12:00-13:00,,,
2025-06-27,9783,高橋直樹,break,12:00-13:00,,,
2025-06-30,9783,高橋直樹,break,12:00-13:00,,,
2025-06-23,8651,松本悠人,break,12:00-13:00,,,
2025-06-24,8651,松本悠人,break,12:00-13:00,,,
2025-06-25,8651,松本悠人,break,12:00-13:00,,,
2025-06-26,8651,松本悠人,break,12:00-13:00,,,
2025-06-27,8651,松本悠人,break,12:00-13:00,,,
2025-06-30,8651,松本悠人,break,12:00-13:00,,,
2025-06-23,81,田中花子,break,12:00-13:00,,,
2025-06-24,81,田中花子,break,12:00-13:00,,,
2025-06-25,81,田中花子,break,12:00-13:00,,,
2025-06-26,81,田中花子,break,12:00-13:00,,,
2025-06-27,81,田中花子,break,12:00-13:00,,,
2025-06-30,81,田中花子,break,12:00-13:00,,,
2025-06-23,6039,高橋一郎,break,12:00-13:00,,,
2025-06-24,6039,高橋一郎,break,12:00-13:00,,,
2025-06-25,6039,高橋一郎,break,12:00-13:00,,,
2025-06-26,6039,高橋一郎,break,12:00-13:00,,,
2025-06-27,6039,高橋一郎,break,12:00-13:00,,,
2025-06-30,6039,高橋一郎,break,12:00-13:00,,,
2025-06-23,2604,加藤健一,break,12:00-13:00,,,
2025-06-24,2604,加藤健一,break,12:00-13:00,,,
2025-06-25,2604,加藤健一,break,12:00-13:00,,,
2025-06-26,2604,加藤健一,break,12:00-13:00,,,
2025-06-27,2604,加藤健一,break,12:00-13:00,,,
2025-06-30,2604,加藤健一,break,12:00-13:00,,,
2025-06-23,8322,渡辺颯太,break,12:00-13:00,,,
2025-06-24,8322,渡辺颯太,break,12:00-13:00,,,
2025-06-25,8322,渡辺颯太,break,12:00-13:00,,,
2025-06-26,8322,渡辺颯太,break,12:00-13:00,,,
2025-06-27,8322,渡辺颯太,break,12:00-13:00,,,
2025-06-30,8322,渡辺颯太,break,12:00-13:00,,,
2025-06-23,8358,高橋健一,break,12:00-13:00,,,
2025-06-24,8358,高橋健一,break,12:00-13:00,,,
2025-06-25,8358,高橋健一,break,12:00-13:00,,,
2025-06-26,8358,高橋健一,break,12:00-13:00,,,
2025-06-27,8358,高橋健一,break,12:00-13:00,,,
2025-06-30,8358,高橋健一,break,12:00-13:00,,,
2025-06-23,5648,加藤太郎,break,12:00-13:00,,,
2025-06-24,5648,加藤太郎,break,12:00-13:00,,,
2025-06-25,5648,加藤太郎,break,12:00-13:00,,,
2025-06-26,5648,加藤太郎,break,12:00-13:00,,,
2025-06-27,5648,加藤太郎,break,12:00-13:00,,,
2025-06-30,5648,加藤太郎,break,12:00-13:00,,,
2025-06-23,3510,伊藤美月,break,12:00-13:00,,,
2025-06-24,3510,伊藤美月,break,12:00-13:00,,,
2025-06-25,3510,伊藤美月,break,12:00-13:00,,,
2025-06-26,3510,伊藤美月,break,12:00-13:00,,,
2025-06-27,3510,伊藤美月,break,12:00-13:00,,,
2025-06-30,3510,伊藤美月,break,12:00-13:00,,,
2025-06-23,1155,井上愛,break,12:00-13:00,,,
2025-06-24,1155,井上愛,break,12:00-13:00,,,
2025-06-25,1155,井上愛,break,12:00-13:00,,,
2025-06-26,1155,井上愛,break,12:00-13:00,,,
2025-06-27,1155,井上愛,break,12:00-13:00,,,
2025-06-30,1155,井上愛,break,12:00-13:00,,,
2025-06-23,6252,佐藤美月,break,12:00-13:00,,,
2025-06-24,6252,佐藤美月,break,12:00-13:00,,,
2025-06-25,6252,佐藤美月,break,12:00-13:00,,,
2025-06-26,6252,佐藤美月,break,12:00-13:00,,,
2025-06-27,6252,佐藤美月,break,12:00-13:00,,,
2025-06-30,6252,佐藤美月,break,12:00-13:00,,,
2025-06-23,5798,斎藤太郎,break,12:00-13:00,,,
2025-06-24,5798,斎藤太郎,break,12:00-13:00,,,
2025-06-25,5798,斎藤太郎,break,12:00-13:00,,,
2025-06-26,5798,斎藤太郎,break,12:00-13:00,,,
2025-06-27,5798,斎藤太郎,break,12:00-13:00,,,
2025-06-30,5798,斎藤太郎,break,12:00-13:00,,,
2025-06-23,5617,松本美月,break,12:00-13:00,,,
2025-06-24,5617,松本美月,break,12:00-13:00,,,
2025-06-25,5617,松本美月,break,12:00-13:00,,,
2025-06-26,5617,松本美月,break,12:00-13:00,,,
2025-06-27,5617,松本美月,break,12:00-13:00,,,
2025-06-30,5617,松本美月,break,12:00-13:00,,,
2025-06-23,9239,佐藤美咲,break,12:00-13:00,,,
2025-06-24,9239,佐藤美咲,break,12:00-13:00,,,
2025-06-25,9239,佐藤美咲,break,12:00-13:00,,,
2025-06-26,9239,佐藤美咲,break,12:00-13:00,,,
2025-06-27,9239,佐藤美咲,break,12:00-13:00,,,
2025-06-30,9239,佐藤美咲,break,12:00-13:00,,,
2025-06-23,9674,吉田拓海,break,12:00-13:00,,,
2025-06-24,9674,吉田拓海,break,12:00-13:00,,,
2025-06-25,9674,吉田拓海,break,12:00-13:00,,,
2025-06-26,9674,吉田拓海,break,12:00-13:00,,,
2025-06-27,9674,吉田拓海,break,12:00-13:00,,,
2025-06-30,9674,吉田拓海,break,12:00-13:00,,,
2025-06-23,9034,林健一,break,12:00-13:00,,,
2025-06-24,9034,林健一,break,12:00-13:00,,,
2025-06-25,9034,林健一,break,12:00-13:00,,,
2025-06-26,9034,林健一,break,12:00-13:00,,,
2025-06-27,9034,林健一,break,12:00-13:00,,,
2025-06-30,9034,林健一,break,12:00-13:00,,,
2025-06-23,1898,山本真由美,break,12:00-13:00,,,
2025-06-24,1898,山本真由美,break,12:00-13:00,,,
2025-06-25,1898,山本真由美,break,12:00-13:00,,,
2025-06-26,1898,山本真由美,break,12:00-13:00,,,
2025-06-27,1898,山本真由美,break,12:00-13:00,,,
2025-06-30,1898,山本真由美,break,12:00-13:00,,,
2025-06-23,3720,高橋悠人,break,12:00-13:00,,,
2025-06-24,3720,高橋悠人,break,12:00-13:00,,,
2025-06-25,3720,高橋悠人,break,12:00-13:00,,,
2025-06-26,3720,高橋悠人,break,12:00-13:00,,,
2025-06-27,3720,高橋悠人,break,12:00-13:00,,,
2025-06-30,3720,高橋悠人,break,12:00-13:00,,,
2025-06-23,9309,山口真由美,break,12:00-13:00,,,
2025-06-24,9309,山口真由美,break,12:00-13:00,,,
2025-06-25,9309,山口真由美,break,12:00-13:00,,,
2025-06-26,9309,山口真由美,break,12:00-13:00,,,
2025-06-27,9309,山口真由美,break,12:00-13:00,,,
2025-06-30,9309,山口真由美,break,12:00-13:00,,,
2025-06-23,5427,渡辺健太,break,12:00-13:00,,,
2025-06-24,5427,渡辺健太,break,12:00-13:00,,,
2025-06-25,5427,渡辺健太,break,12:00-13:00,,,
2025-06-26,5427,渡辺健太,break,12:00-13:00,,,
2025-06-27,5427,渡辺健太,break,12:00-13:00,,,
2025-06-30,5427,渡辺健太,break,12:00-13:00,,,
2025-06-23,6943,高橋美咲,break,12:00-13:00,,,
2025-06-24,6943,高橋美咲,break,12:00-13:00,,,
2025-06-25,6943,高橋美咲,break,12:00-13:00,,,
2025-06-26,6943,高橋美咲,break,12:00-13:00,,,
2025-06-27,6943,高橋美咲,break,12:00-13:00,,,
2025-06-30,6943,高橋美咲,break,12:00-13:00,,,
2025-06-23,8239,高橋美優,break,12:00-13:00,,,
2025-06-24,8239,高橋美優,break,12:00-13:00,,,
2025-06-25,8239,高橋美優,break,12:00-13:00,,,
2025-06-26,8239,高橋美優,break,12:00-13:00,,,
2025-06-27,8239,高橋美優,break,12:00-13:00,,,
2025-06-30,8239,高橋美優,break,12:00-13:00,,,
2025-06-23,8741,山本花子,break,12:00-13:00,,,
2025-06-24,8741,山本花子,break,12:00-13:00,,,
2025-06-25,8741,山本花子,break,12:00-13:00,,,
2025-06-26,8741,山本花子,break,12:00-13:00,,,
2025-06-27,8741,山本花子,break,12:00-13:00,,,
2025-06-30,8741,山本花子,break,12:00-13:00,,,
2025-06-23,2303,吉田颯太,break,12:00-13:00,,,
2025-06-24,2303,吉田颯太,break,12:00-13:00,,,
2025-06-25,2303,吉田颯太,break,12:00-13:00,,,
2025-06-26,2303,吉田颯太,break,12:00-13:00,,,
2025-06-27,2303,吉田颯太,break,12:00-13:00,,,
2025-06-30,2303,吉田颯太,break,12:00-13:00,,,
2025-06-23,6470,伊藤颯太,break,12:00-13:00,,,
2025-06-24,6470,伊藤颯太,break,12:00-13:00,,,
2025-06-25,6470,伊藤颯太,break,12:00-13:00,,,
2025-06-26,6470,伊藤颯太,break,12:00-13:00,,,
2025-06-27,6470,伊藤颯太,break,12:00-13:00,,,
2025-06-30,6470,伊藤颯太,break,12:00-13:00,,,
2025-06-23,5057,田中千尋,break,12:00-13:00,,,
2025-06-24,5057,田中千尋,break,12:00-13:00,,,
2025-06-25,5057,田中千尋,break,12:00-13:00,,,
2025-06-26,5057,田中千尋,break,12:00-13:00,,,
2025-06-27,5057,田中千尋,break,12:00-13:00,,,
2025-06-30,5057,田中千尋,break,12:00-13:00,,,
2025-06-23,1329,佐々木彩香,break,12:00-13:00,,,
2025-06-24,1329,佐々木彩香,break,12:00-13:00,,,
2025-06-25,1329,佐々木彩香,break,12:00-13:00,,,
2025-06-26,1329,佐々木彩香,break,12:00-13:00,,,
2025-06-27,1329,佐々木彩香,break,12:00-13:00,,,
2025-06-30,1329,佐々木彩香,break,12:00-13:00,,,
2025-06-23,4260,鈴木悠人,break,12:00-13:00,,,
2025-06-24,4260,鈴木悠人,break,12:00-13:00,,,
2025-06-25,4260,鈴木悠人,break,12:00-13:00,,,
2025-06-26,4260,鈴木悠人,break,12:00-13:00,,,
2025-06-27,4260,鈴木悠人,break,12:00-13:00,,,
2025-06-30,4260,鈴木悠人,break,12:00-13:00,,,
2025-06-23,3919,鈴木太郎,break,12:00-13:00,,,
2025-06-24,3919,鈴木太郎,break,12:00-13:00,,,
2025-06-25,3919,鈴木太郎,break,12:00-13:00,,,
2025-06-26,3919,鈴木太郎,break,12:00-13:00,,,
2025-06-27,3919,鈴木太郎,break,12:00-13:00,,,
2025-06-30,3919,鈴木太郎,break,12:00-13:00,,,
2025-06-23,6468,田中健太,break,12:00-13:00,,,
2025-06-24,6468,田中健太,break,12:00-13:00,,,
2025-06-25,6468,田中健太,break,12:00-13:00,,,
2025-06-26,6468,田中健太,break,12:00-13:00,,,
2025-06-27,6468,田中健太,break,12:00-13:00,,,
2025-06-30,6468,田中健太,break,12:00-13:00,,,
2025-06-23,9828,中村優斗,break,12:00-13:00,,,
2025-06-24,9828,中村優斗,break,12:00-13:00,,,
2025-06-25,9828,中村優斗,break,12:00-13:00,,,
2025-06-26,9828,中村優斗,break,12:00-13:00,,,
2025-06-27,9828,中村優斗,break,12:00-13:00,,,
2025-06-30,9828,中村優斗,break,12:00-13:00,,,
2025-06-23,6280,吉田一郎,break,12:00-13:00,,,
2025-06-24,6280,吉田一郎,break,12:00-13:00,,,
2025-06-25,6280,吉田一郎,break,12:00-13:00,,,
2025-06-26,6280,吉田一郎,break,12:00-13:00,,,
2025-06-27,6280,吉田一郎,break,12:00-13:00,,,
2025-06-30,6280,吉田一郎,break,12:00-13:00,,,
2025-06-23,8844,山口愛,break,12:00-13:00,,,
2025-06-24,8844,山口愛,break,12:00-13:00,,,
2025-06-25,8844,山口愛,break,12:00-13:00,,,
2025-06-26,8844,山口愛,break,12:00-13:00,,,
2025-06-27,8844,山口愛,break,12:00-13:00,,,
2025-06-30,8844,山口愛,break,12:00-13:00,,,
2025-06-23,7791,中村直樹,break,12:00-13:00,,,
2025-06-24,7791,中村直樹,break,12:00-13:00,,,
2025-06-25,7791,中村直樹,break,12:00-13:00,,,
2025-06-26,7791,中村直樹,break,12:00-13:00,,,
2025-06-27,7791,中村直樹,break,12:00-13:00,,,
2025-06-30,7791,中村直樹,break,12:00-13:00,,,
2025-06-23,5471,中村美咲,break,12:00-13:00,,,
2025-06-24,5471,中村美咲,break,12:00-13:00,,,
2025-06-25,5471,中村美咲,break,12:00-13:00,,,
2025-06-26,5471,中村美咲,break,12:00-13:00,,,
2025-06-27,5471,中村美咲,break,12:00-13:00,,,
2025-06-30,5471,中村美咲,break,12:00-13:00,,,
2025-06-23,6176,伊藤一郎,break,12:00-13:00,,,
2025-06-24,6176,伊藤一郎,break,12:00-13:00,,,
2025-06-25,6176,伊藤一郎,break,12:00-13:00,,,
2025-06-26,6176,伊藤一郎,break,12:00-13:00,,,
2025-06-27,6176,伊藤一郎,break,12:00-13:00,,,
2025-06-30,6176,伊藤一郎,break,12:00-13:00,,,
2025-06-23,9503,松本葵,break,12:00-13:00,,,
2025-06-24,9503,松本葵,break,12:00-13:00,,,
2025-06-25,9503,松本葵,break,12:00-13:00,,,
2025-06-26,9503,松本葵,break,12:00-13:00,,,
2025-06-27,9503,松本葵,break,12:00-13:00,,,
2025-06-30,9503,松本葵,break,12:00-13:00,,,
2025-06-23,9432,山本健一,break,12:00-13:00,,,
2025-06-24,9432,山本健一,break,12:00-13:00,,,
2025-06-25,9432,山本健一,break,12:00-13:00,,,
2025-06-26,9432,山本健一,break,12:00-13:00,,,
2025-06-27,9432,山本健一,break,12:00-13:00,,,
2025-06-30,9432,山本健一,break,12:00-13:00,,,
2025-06-23,648,井上結衣,break,12:00-13:00,,,
2025-06-24,648,井上結衣,break,12:00-13:00,,,
2025-06-25,648,井上結衣,break,12:00-13:00,,,
2025-06-26,648,井上結衣,break,12:00-13:00,,,
2025-06-27,648,井上結衣,break,12:00-13:00,,,
2025-06-30,648,井上結衣,break,12:00-13:00,,,
2025-06-23,7523,加藤翔太,break,12:00-13:00,,,
2025-06-24,7523,加藤翔太,break,12:00-13:00,,,
2025-06-25,7523,加藤翔太,break,12:00-13:00,,,
2025-06-26,7523,加藤翔太,break,12:00-13:00,,,
2025-06-27,7523,加藤翔太,break,12:00-13:00,,,
2025-06-30,7523,加藤翔太,break,12:00-13:00,,,
2025-06-23,5361,加藤彩香,break,12:00-13:00,,,
2025-06-24,5361,加藤彩香,break,12:00-13:00,,,
2025-06-25,5361,加藤彩香,break,12:00-13:00,,,
2025-06-26,5361,加藤彩香,break,12:00-13:00,,,
2025-06-27,5361,加藤彩香,break,12:00-13:00,,,
2025-06-30,5361,加藤彩香,break,12:00-13:00,,,
2025-06-23,9725,山本愛,break,12:00-13:00,,,
2025-06-24,9725,山本愛,break,12:00-13:00,,,
2025-06-25,9725,山本愛,break,12:00-13:00,,,
2025-06-26,9725,山本愛,break,12:00-13:00,,,
2025-06-27,9725,山本愛,break,12:00-13:00,,,
2025-06-30,9725,山本愛,break,12:00-13:00,,,
2025-06-23,3632,佐藤優斗,break,12:00-13:00,,,
2025-06-24,3632,佐藤優斗,break,12:00-13:00,,,
2025-06-25,3632,佐藤優斗,break,12:00-13:00,,,
2025-06-26,3632,佐藤優斗,break,12:00-13:00,,,
2025-06-27,3632,佐藤優斗,break,12:00-13:00,,,
2025-06-30,3632,佐藤優斗,break,12:00-13:00,,,
2025-06-23,7008,渡辺翔太,break,12:00-13:00,,,
2025-06-24,7008,渡辺翔太,break,12:00-13:00,,,
2025-06-25,7008,渡辺翔太,break,12:00-13:00,,,
2025-06-26,7008,渡辺翔太,break,12:00-13:00,,,
2025-06-27,7008,渡辺翔太,break,12:00-13:00,,,
2025-06-30,7008,渡辺翔太,break,12:00-13:00,,,
2025-06-23,7282,井上健太,break,12:00-13:00,,,
2025-06-24,7282,井上健太,break,12:00-13:00,,,
2025-06-25,7282,井上健太,break,12:00-13:00,,,
2025-06-26,7282,井上健太,break,12:00-13:00,,,
2025-06-27,7282,井上健太,break,12:00-13:00,,,
2025-06-30,7282,井上健太,break,12:00-13:00,,,
2025-06-23,3211,林健太,break,12:00-13:00,,,
2025-06-24,3211,林健太,break,12:00-13:00,,,
2025-06-25,3211,林健太,break,12:00-13:00,,,
2025-06-26,3211,林健太,break,12:00-13:00,,,
2025-06-27,3211,林健太,break,12:00-13:00,,,
2025-06-30,3211,林健太,break,12:00-13:00,,,
2025-06-23,1918,松本結衣,break,12:00-13:00,,,
2025-06-24,1918,松本結衣,break,12:00-13:00,,,
2025-06-25,1918,松本結衣,break,12:00-13:00,,,
2025-06-26,1918,松本結衣,break,12:00-13:00,,,
2025-06-27,1918,松本結衣,break,12:00-13:00,,,
2025-06-30,1918,松本結衣,break,12:00-13:00,,,
2025-06-23,1092,木村真由美,break,12:00-13:00,,,
2025-06-24,1092,木村真由美,break,12:00-13:00,,,
2025-06-25,1092,木村真由美,break,12:00-13:00,,,
2025-06-26,1092,木村真由美,break,12:00-13:00,,,
2025-06-27,1092,木村真由美,break,12:00-13:00,,,
2025-06-30,1092,木村真由美,break,12:00-13:00,,,
2025-06-23,6623,斎藤美優,break,12:00-13:00,,,
2025-06-24,6623,斎藤美優,break,12:00-13:00,,,
2025-06-25,6623,斎藤美優,break,12:00-13:00,,,
2025-06-26,6623,斎藤美優,break,12:00-13:00,,,
2025-06-27,6623,斎藤美優,break,12:00-13:00,,,
2025-06-30,6623,斎藤美優,break,12:00-13:00,,,
2025-06-23,2375,鈴木美月,break,12:00-13:00,,,
2025-06-24,2375,鈴木美月,break,12:00-13:00,,,
2025-06-25,2375,鈴木美月,break,12:00-13:00,,,
2025-06-26,2375,鈴木美月,break,12:00-13:00,,,
2025-06-27,2375,鈴木美月,break,12:00-13:00,,,
2025-06-30,2375,鈴木美月,break,12:00-13:00,,,
2025-06-23,6769,佐藤真由美,break,12:00-13:00,,,
2025-06-24,6769,佐藤真由美,break,12:00-13:00,,,
2025-06-25,6769,佐藤真由美,break,12:00-13:00,,,
2025-06-26,6769,佐藤真由美,break,12:00-13:00,,,
2025-06-27,6769,佐藤真由美,break,12:00-13:00,,,
2025-06-30,6769,佐藤真由美,break,12:00-13:00,,,
2025-06-23,730,木村愛,break,12:00-13:00,,,
2025-06-24,730,木村愛,break,12:00-13:00,,,
2025-06-25,730,木村愛,break,12:00-13:00,,,
2025-06-26,730,木村愛,break,12:00-13:00,,,
2025-06-27,730,木村愛,break,12:00-13:00,,,
2025-06-30,730,木村愛,break,12:00-13:00,,,
2025-06-23,305,林結衣,break,12:00-13:00,,,
2025-06-24,305,林結衣,break,12:00-13:00,,,
2025-06-25,305,林結衣,break,12:00-13:00,,,
2025-06-26,305,林結衣,break,12:00-13:00,,,
2025-06-27,305,林結衣,break,12:00-13:00,,,
2025-06-30,305,林結衣,break,12:00-13:00,,,
2025-06-23,6772,田中優斗,break,12:00-13:00,,,
2025-06-24,6772,田中優斗,break,12:00-13:00,,,
2025-06-25,6772,田中優斗,break,12:00-13:00,,,
2025-06-26,6772,田中優斗,break,12:00-13:00,,,
2025-06-27,6772,田中優斗,break,12:00-13:00,,,
2025-06-30,6772,田中優斗,break,12:00-13:00,,,
2025-06-23,7160,清水美優,break,12:00-13:00,,,
2025-06-24,7160,清水美優,break,12:00-13:00,,,
2025-06-25,7160,清水美優,break,12:00-13:00,,,
2025-06-26,7160,清水美優,break,12:00-13:00,,,
2025-06-27,7160,清水美優,break,12:00-13:00,,,
2025-06-30,7160,清水美優,break,12:00-13:00,,,
2025-06-23,3322,佐藤千尋,break,12:00-13:00,,,
2025-06-24,3322,佐藤千尋,break,12:00-13:00,,,
2025-06-25,3322,佐藤千尋,break,12:00-13:00,,,
2025-06-26,3322,佐藤千尋,break,12:00-13:00,,,
2025-06-27,3322,佐藤千尋,break,12:00-13:00,,,
2025-06-30,3322,佐藤千尋,break,12:00-13:00,,,
2025-06-23,2453,渡辺太郎,break,12:00-13:00,,,
2025-06-24,2453,渡辺太郎,break,12:00-13:00,,,
2025-06-25,2453,渡辺太郎,break,12:00-13:00,,,
2025-06-26,2453,渡辺太郎,break,12:00-13:00,,,
2025-06-27,2453,渡辺太郎,break,12:00-13:00,,,
2025-06-30,2453,渡辺太郎,break,12:00-13:00,,,
2025-06-23,5729,林翔太,break,12:00-13:00,,,
2025-06-24,5729,林翔太,break,12:00-13:00,,,
2025-06-25,5729,林翔太,break,12:00-13:00,,,
2025-06-26,5729,林翔太,break,12:00-13:00,,,
2025-06-27,5729,林翔太,break,12:00-13:00,,,
2025-06-30,5729,林翔太,break,12:00-13:00,,,
2025-06-23,7879,斎藤翔太,break,12:00-13:00,,,
2025-06-24,7879,斎藤翔太,break,12:00-13:00,,,
2025-06-25,7879,斎藤翔太,break,12:00-13:00,,,
2025-06-26,7879,斎藤翔太,break,12:00-13:00,,,
2025-06-27,7879,斎藤翔太,break,12:00-13:00,,,
2025-06-30,7879,斎藤翔太,break,12:00-13:00,,,
2025-06-23,5771,小林真由美,break,12:00-13:00,,,
2025-06-24,5771,小林真由美,break,12:00-13:00,,,
2025-06-25,5771,小林真由美,break,12:00-13:00,,,
2025-06-26,5771,小林真由美,break,12:00-13:00,,,
2025-06-27,5771,小林真由美,break,12:00-13:00,,,
2025-06-30,5771,小林真由美,break,12:00-13:00,,,
2025-06-23,586,山田直樹,break,12:00-13:00,,,
2025-06-24,586,山田直樹,break,12:00-13:00,,,
2025-06-25,586,山田直樹,break,12:00-13:00,,,
2025-06-26,586,山田直樹,break,12:00-13:00,,,
2025-06-27,586,山田直樹,break,12:00-13:00,,,
2025-06-30,586,山田直樹,break,12:00-13:00,,,
2025-06-23,4540,山田一郎,break,12:00-13:00,,,
2025-06-24,4540,山田一郎,break,12:00-13:00,,,
2025-06-25,4540,山田一郎,break,12:00-13:00,,,
2025-06-26,4540,山田一郎,break,12:00-13:00,,,
2025-06-27,4540,山田一郎,break,12:00-13:00,,,
2025-06-30,4540,山田一郎,break,12:00-13:00,,,
2025-06-23,1136,伊藤優斗,break,12:00-13:00,,,
2025-06-24,1136,伊藤優斗,break,12:00-13:00,,,
2025-06-25,1136,伊藤優斗,break,12:00-13:00,,,
2025-06-26,1136,伊藤優斗,break,12:00-13:00,,,
2025-06-27,1136,伊藤優斗,break,12:00-13:00,,,
2025-06-30,1136,伊藤優斗,break,12:00-13:00,,,
2025-06-23,6261,佐々木優斗,break,12:00-13:00,,,
2025-06-24,6261,佐々木優斗,break,12:00-13:00,,,
2025-06-25,6261,佐々木優斗,break,12:00-13:00,,,
2025-06-26,6261,佐々木優斗,break,12:00-13:00,,,
2025-06-27,6261,佐々木優斗,break,12:00-13:00,,,
2025-06-30,6261,佐々木優斗,break,12:00-13:00,,,
2025-06-23,3563,佐藤拓海,break,12:00-13:00,,,
2025-06-24,3563,佐藤拓海,break,12:00-13:00,,,
2025-06-25,3563,佐藤拓海,break,12:00-13:00,,,
2025-06-26,3563,佐藤拓海,break,12:00-13:00,,,
2025-06-27,3563,佐藤拓海,break,12:00-13:00,,,
2025-06-30,3563,佐藤拓海,break,12:00-13:00,,,
2025-06-23,4585,鈴木美優,break,12:00-13:00,,,
2025-06-24,4585,鈴木美優,break,12:00-13:00,,,
2025-06-25,4585,鈴木美優,break,12:00-13:00,,,
2025-06-26,4585,鈴木美優,break,12:00-13:00,,,
2025-06-27,4585,鈴木美優,break,12:00-13:00,,,
2025-06-30,4585,鈴木美優,break,12:00-13:00,,,
2025-06-23,3045,佐藤花子,break,12:00-13:00,,,
2025-06-24,3045,佐藤花子,break,12:00-13:00,,,
2025-06-25,3045,佐藤花子,break,12:00-13:00,,,
2025-06-26,3045,佐藤花子,break,12:00-13:00,,,
2025-06-27,3045,佐藤花子,break,12:00-13:00,,,
2025-06-30,3045,佐藤花子,break,12:00-13:00,,,
2025-06-23,9517,鈴木結衣,break,12:00-13:00,,,
2025-06-24,9517,鈴木結衣,break,12:00-13:00,,,
2025-06-25,9517,鈴木結衣,break,12:00-13:00,,,
2025-06-26,9517,鈴木結衣,break,12:00-13:00,,,
2025-06-27,9517,鈴木結衣,break,12:00-13:00,,,
2025-06-30,9517,鈴木結衣,break,12:00-13:00,,,
2025-06-23,7841,小林翔太,break,12:00-13:00,,,
2025-06-24,7841,小林翔太,break,12:00-13:00,,,
2025-06-25,7841,小林翔太,break,12:00-13:00,,,
2025-06-26,7841,小林翔太,break,12:00-13:00,,,
2025-06-27,7841,小林翔太,break,12:00-13:00,,,
2025-06-30,7841,小林翔太,break,12:00-13:00,,,
2025-06-23,8750,山本優斗,break,12:00-13:00,,,
2025-06-24,8750,山本優斗,break,12:00-13:00,,,
2025-06-25,8750,山本優斗,break,12:00-13:00,,,
2025-06-26,8750,山本優斗,break,12:00-13:00,,,
2025-06-27,8750,山本優斗,break,12:00-13:00,,,
2025-06-30,8750,山本優斗,break,12:00-13:00,,,
2025-06-23,4954,佐々木拓海,break,12:00-13:00,,,
2025-06-24,4954,佐々木拓海,break,12:00-13:00,,,
2025-06-25,4954,佐々木拓海,break,12:00-13:00,,,
2025-06-26,4954,佐々木拓海,break,12:00-13:00,,,
2025-06-27,4954,佐々木拓海,break,12:00-13:00,,,
2025-06-30,4954,佐々木拓海,break,12:00-13:00,,,
2025-06-23,2719,山田翔太,break,12:00-13:00,,,
2025-06-24,2719,山田翔太,break,12:00-13:00,,,
2025-06-25,2719,山田翔太,break,12:00-13:00,,,
2025-06-26,2719,山田翔太,break,12:00-13:00,,,
2025-06-27,2719,山田翔太,break,12:00-13:00,,,
2025-06-30,2719,山田翔太,break,12:00-13:00,,,
2025-06-23,6872,佐々木颯太,break,12:00-13:00,,,
2025-06-24,6872,佐々木颯太,break,12:00-13:00,,,
2025-06-25,6872,佐々木颯太,break,12:00-13:00,,,
2025-06-26,6872,佐々木颯太,break,12:00-13:00,,,
2025-06-27,6872,佐々木颯太,break,12:00-13:00,,,
2025-06-30,6872,佐々木颯太,break,12:00-13:00,,,
2025-06-23,6712,小林千尋,break,12:00-13:00,,,
2025-06-24,6712,小林千尋,break,12:00-13:00,,,
2025-06-25,6712,小林千尋,break,12:00-13:00,,,
2025-06-26,6712,小林千尋,break,12:00-13:00,,,
2025-06-27,6712,小林千尋,break,12:00-13:00,,,
2025-06-30,6712,小林千尋,break,12:00-13:00,,,
2025-06-23,7677,小林健一,break,12:00-13:00,,,
2025-06-24,7677,小林健一,break,12:00-13:00,,,
2025-06-25,7677,小林健一,break,12:00-13:00,,,
2025-06-26,7677,小林健一,break,12:00-13:00,,,
2025-06-27,7677,小林健一,break,12:00-13:00,,,
2025-06-30,7677,小林健一,break,12:00-13:00,,,
2025-06-23,6372,松本翔太,break,12:00-13:00,,,
2025-06-24,6372,松本翔太,break,12:00-13:00,,,
2025-06-25,6372,松本翔太,break,12:00-13:00,,,
2025-06-26,6372,松本翔太,break,12:00-13:00,,,
2025-06-27,6372,松本翔太,break,12:00-13:00,,,
2025-06-30,6372,松本翔太,break,12:00-13:00,,,
2025-06-23,1027,井上颯太,break,12:00-13:00,,,
2025-06-24,1027,井上颯太,break,12:00-13:00,,,
2025-06-25,1027,井上颯太,break,12:00-13:00,,,
2025-06-26,1027,井上颯太,break,12:00-13:00,,,
2025-06-27,1027,井上颯太,break,12:00-13:00,,,
2025-06-30,1027,井上颯太,break,12:00-13:00,,,
2025-06-23,9618,斎藤優斗,break,12:00-13:00,,,
2025-06-24,9618,斎藤優斗,break,12:00-13:00,,,
2025-06-25,9618,斎藤優斗,break,12:00-13:00,,,
2025-06-26,9618,斎藤優斗,break,12:00-13:00,,,
2025-06-27,9618,斎藤優斗,break,12:00-13:00,,,
2025-06-30,9618,斎藤優斗,break,12:00-13:00,,,
2025-06-23,8168,鈴木愛,break,12:00-13:00,,,
2025-06-24,8168,鈴木愛,break,12:00-13:00,,,
2025-06-25,8168,鈴木愛,break,12:00-13:00,,,
2025-06-26,8168,鈴木愛,break,12:00-13:00,,,
2025-06-27,8168,鈴木愛,break,12:00-13:00,,,
2025-06-30,8168,鈴木愛,break,12:00-13:00,,,
2025-06-23,6912,中村一郎,break,12:00-13:00,,,
2025-06-24,6912,中村一郎,break,12:00-13:00,,,
2025-06-25,6912,中村一郎,break,12:00-13:00,,,
2025-06-26,6912,中村一郎,break,12:00-13:00,,,
2025-06-27,6912,中村一郎,break,12:00-13:00,,,
2025-06-30,6912,中村一郎,break,12:00-13:00,,,
2025-06-23,8346,高橋花子,break,12:00-13:00,,,
2025-06-24,8346,高橋花子,break,12:00-13:00,,,
2025-06-25,8346,高橋花子,break,12:00-13:00,,,
2025-06-26,8346,高橋花子,break,12:00-13:00,,,
2025-06-27,8346,高橋花子,break,12:00-13:00,,,
2025-06-30,8346,高橋花子,break,12:00-13:00,,,
2025-06-23,1724,木村美月,break,12:00-13:00,,,
2025-06-24,1724,木村美月,break,12:00-13:00,,,
2025-06-25,1724,木村美月,break,12:00-13:00,,,
2025-06-26,1724,木村美月,break,12:00-13:00,,,
2025-06-27,1724,木村美月,break,12:00-13:00,,,
2025-06-30,1724,木村美月,break,12:00-13:00,,,
2025-06-23,9175,小林健太,break,12:00-13:00,,,
2025-06-24,9175,小林健太,break,12:00-13:00,,,
2025-06-25,9175,小林健太,break,12:00-13:00,,,
2025-06-26,9175,小林健太,break,12:00-13:00,,,
2025-06-27,9175,小林健太,break,12:00-13:00,,,
2025-06-30,9175,小林健太,break,12:00-13:00,,,
2025-06-23,1605,田中葵,break,12:00-13:00,,,
2025-06-24,1605,田中葵,break,12:00-13:00,,,
2025-06-25,1605,田中葵,break,12:00-13:00,,,
2025-06-26,1605,田中葵,break,12:00-13:00,,,
2025-06-27,1605,田中葵,break,12:00-13:00,,,
2025-06-30,1605,田中葵,break,12:00-13:00,,,
2025-06-23,4486,斎藤花子,break,12:00-13:00,,,
2025-06-24,4486,斎藤花子,break,12:00-13:00,,,
2025-06-25,4486,斎藤花子,break,12:00-13:00,,,
2025-06-26,4486,斎藤花子,break,12:00-13:00,,,
2025-06-27,4486,斎藤花子,break,12:00-13:00,,,
2025-06-30,4486,斎藤花子,break,12:00-13:00,,,
2025-06-23,5880,小林拓海,break,12:00-13:00,,,
2025-06-24,5880,小林拓海,break,12:00-13:00,,,
2025-06-25,5880,小林拓海,break,12:00-13:00,,,
2025-06-26,5880,小林拓海,break,12:00-13:00,,,
2025-06-27,5880,小林拓海,break,12:00-13:00,,,
2025-06-30,5880,小林拓海,break,12:00-13:00,,,
2025-06-23,279,渡辺花子,break,12:00-13:00,,,
2025-06-24,279,渡辺花子,break,12:00-13:00,,,
2025-06-25,279,渡辺花子,break,12:00-13:00,,,
2025-06-26,279,渡辺花子,break,12:00-13:00,,,
2025-06-27,279,渡辺花子,break,12:00-13:00,,,
2025-06-30,279,渡辺花子,break,12:00-13:00,,,
2025-06-23,1363,渡辺拓海,break,12:00-13:00,,,
2025-06-24,1363,渡辺拓海,break,12:00-13:00,,,
2025-06-25,1363,渡辺拓海,break,12:00-13:00,,,
2025-06-26,1363,渡辺拓海,break,12:00-13:00,,,
2025-06-27,1363,渡辺拓海,break,12:00-13:00,,,
2025-06-30,1363,渡辺拓海,break,12:00-13:00,,,
2025-06-23,7109,井上真由美,break,12:00-13:00,,,
2025-06-24,7109,井上真由美,break,12:00-13:00,,,
2025-06-25,7109,井上真由美,break,12:00-13:00,,,
2025-06-26,7109,井上真由美,break,12:00-13:00,,,
2025-06-27,7109,井上真由美,break,12:00-13:00,,,
2025-06-30,7109,井上真由美,break,12:00-13:00,,,
2025-06-23,2901,斎藤真由美,break,12:00-13:00,,,
2025-06-24,2901,斎藤真由美,break,12:00-13:00,,,
2025-06-25,2901,斎藤真由美,break,12:00-13:00,,,
2025-06-26,2901,斎藤真由美,break,12:00-13:00,,,
2025-06-27,2901,斎藤真由美,break,12:00-13:00,,,
2025-06-30,2901,斎藤真由美,break,12:00-13:00,,,
2025-06-23,1024,井上美咲,break,12:00-13:00,,,
2025-06-24,1024,井上美咲,break,12:00-13:00,,,
2025-06-25,1024,井上美咲,break,12:00-13:00,,,
2025-06-26,1024,井上美咲,break,12:00-13:00,,,
2025-06-27,1024,井上美咲,break,12:00-13:00,,,
2025-06-30,1024,井上美咲,break,12:00-13:00,,,
2025-06-23,6266,山本拓海,break,12:00-13:00,,,
2025-06-24,6266,山本拓海,break,12:00-13:00,,,
2025-06-25,6266,山本拓海,break,12:00-13:00,,,
2025-06-26,6266,山本拓海,break,12:00-13:00,,,
2025-06-27,6266,山本拓海,break,12:00-13:00,,,
2025-06-30,6266,山本拓海,break,12:00-13:00,,,
2025-06-23,9889,佐藤翔太,break,12:00-13:00,,,
2025-06-24,9889,佐藤翔太,break,12:00-13:00,,,
2025-06-25,9889,佐藤翔太,break,12:00-13:00,,,
2025-06-26,9889,佐藤翔太,break,12:00-13:00,,,
2025-06-27,9889,佐藤翔太,break,12:00-13:00,,,
2025-06-30,9889,佐藤翔太,break,12:00-13:00,,,
2025-06-23,7577,田中太郎,break,12:00-13:00,,,
2025-06-24,7577,田中太郎,break,12:00-13:00,,,
2025-06-25,7577,田中太郎,break,12:00-13:00,,,
2025-06-26,7577,田中太郎,break,12:00-13:00,,,
2025-06-27,7577,田中太郎,break,12:00-13:00,,,
2025-06-30,7577,田中太郎,break,12:00-13:00,,,
2025-06-23,9997,斎藤直樹,break,12:00-13:00,,,
2025-06-24,9997,斎藤直樹,break,12:00-13:00,,,
2025-06-25,9997,斎藤直樹,break,12:00-13:00,,,
2025-06-26,9997,斎藤直樹,break,12:00-13:00,,,
2025-06-27,9997,斎藤直樹,break,12:00-13:00,,,
2025-06-30,9997,斎藤直樹,break,12:00-13:00,,,
2025-06-23,368,佐々木千尋,break,12:00-13:00,,,
2025-06-24,368,佐々木千尋,break,12:00-13:00,,,
2025-06-25,368,佐々木千尋,break,12:00-13:00,,,
2025-06-26,368,佐々木千尋,break,12:00-13:00,,,
2025-06-27,368,佐々木千尋,break,12:00-13:00,,,
2025-06-30,368,佐々木千尋,break,12:00-13:00,,,
2025-06-23,5011,木村一郎,break,12:00-13:00,,,
2025-06-24,5011,木村一郎,break,12:00-13:00,,,
2025-06-25,5011,木村一郎,break,12:00-13:00,,,
2025-06-26,5011,木村一郎,break,12:00-13:00,,,
2025-06-27,5011,木村一郎,break,12:00-13:00,,,
2025-06-30,5011,木村一郎,break,12:00-13:00,,,
2025-06-23,3846,吉田優斗,break,12:00-13:00,,,
2025-06-24,3846,吉田優斗,break,12:00-13:00,,,
2025-06-25,3846,吉田優斗,break,12:00-13:00,,,
2025-06-26,3846,吉田優斗,break,12:00-13:00,,,
2025-06-27,3846,吉田優斗,break,12:00-13:00,,,
2025-06-30,3846,吉田優斗,break,12:00-13:00,,,
2025-06-23,7899,山田優斗,break,12:00-13:00,,,
2025-06-24,7899,山田優斗,break,12:00-13:00,,,
2025-06-25,7899,山田優斗,break,12:00-13:00,,,
2025-06-26,7899,山田優斗,break,12:00-13:00,,,
2025-06-27,7899,山田優斗,break,12:00-13:00,,,
2025-06-30,7899,山田優斗,break,12:00-13:00,,,
2025-06-23,3495,山田美咲,break,12:00-13:00,,,
2025-06-24,3495,山田美咲,break,12:00-13:00,,,
2025-06-25,3495,山田美咲,break,12:00-13:00,,,
2025-06-26,3495,山田美咲,break,12:00-13:00,,,
2025-06-27,3495,山田美咲,break,12:00-13:00,,,
2025-06-30,3495,山田美咲,break,12:00-13:00,,,
2025-06-23,1094,中村健一,break,12:00-13:00,,,
2025-06-24,1094,中村健一,break,12:00-13:00,,,
2025-06-25,1094,中村健一,break,12:00-13:00,,,
2025-06-26,1094,中村健一,break,12:00-13:00,,,
2025-06-27,1094,中村健一,break,12:00-13:00,,,
2025-06-30,1094,中村健一,break,12:00-13:00,,,
2025-06-23,9320,松本美優,break,12:00-13:00,,,
2025-06-24,9320,松本美優,break,12:00-13:00,,,
2025-06-25,9320,松本美優,break,12:00-13:00,,,
2025-06-26,9320,松本美優,break,12:00-13:00,,,
2025-06-27,9320,松本美優,break,12:00-13:00,,,
2025-06-30,9320,松本美優,break,12:00-13:00,,,
2025-06-23,1080,斎藤一郎,break,12:00-13:00,,,
2025-06-24,1080,斎藤一郎,break,12:00-13:00,,,
2025-06-25,1080,斎藤一郎,break,12:00-13:00,,,
2025-06-26,1080,斎藤一郎,break,12:00-13:00,,,
2025-06-27,1080,斎藤一郎,break,12:00-13:00,,,
2025-06-30,1080,斎藤一郎,break,12:00-13:00,,,
2025-06-23,3321,木村優斗,break,12:00-13:00,,,
2025-06-24,3321,木村優斗,break,12:00-13:00,,,
2025-06-25,3321,木村優斗,break,12:00-13:00,,,
2025-06-26,3321,木村優斗,break,12:00-13:00,,,
2025-06-27,3321,木村優斗,break,12:00-13:00,,,
2025-06-30,3321,木村優斗,break,12:00-13:00,,,
2025-06-23,4330,木村結衣,break,12:00-13:00,,,
2025-06-24,4330,木村結衣,break,12:00-13:00,,,
2025-06-25,4330,木村結衣,break,12:00-13:00,,,
2025-06-26,4330,木村結衣,break,12:00-13:00,,,
2025-06-27,4330,木村結衣,break,12:00-13:00,,,
2025-06-30,4330,木村結衣,break,12:00-13:00,,,
2025-06-23,389,山田颯太,break,12:00-13:00,,,
2025-06-24,389,山田颯太,break,12:00-13:00,,,
2025-06-25,389,山田颯太,break,12:00-13:00,,,
2025-06-26,389,山田颯太,break,12:00-13:00,,,
2025-06-27,389,山田颯太,break,12:00-13:00,,,
2025-06-30,389,山田颯太,break,12:00-13:00,,,
2025-06-23,6716,山口悠人,break,12:00-13:00,,,
2025-06-24,6716,山口悠人,break,12:00-13:00,,,
2025-06-25,6716,山口悠人,break,12:00-13:00,,,
2025-06-26,6716,山口悠人,break,12:00-13:00,,,
2025-06-27,6716,山口悠人,break,12:00-13:00,,,
2025-06-30,6716,山口悠人,break,12:00-13:00,,,
2025-06-23,604,伊藤結衣,break,12:00-13:00,,,
2025-06-24,604,伊藤結衣,break,12:00-13:00,,,
2025-06-25,604,伊藤結衣,break,12:00-13:00,,,
2025-06-26,604,伊藤結衣,break,12:00-13:00,,,
2025-06-27,604,伊藤結衣,break,12:00-13:00,,,
2025-06-30,604,伊藤結衣,break,12:00-13:00,,,
2025-06-23,4911,渡辺愛,break,12:00-13:00,,,
2025-06-24,4911,渡辺愛,break,12:00-13:00,,,
2025-06-25,4911,渡辺愛,break,12:00-13:00,,,
2025-06-26,4911,渡辺愛,break,12:00-13:00,,,
2025-06-27,4911,渡辺愛,break,12:00-13:00,,,
2025-06-30,4911,渡辺愛,break,12:00-13:00,,,
2025-06-23,3034,清水直樹,break,12:00-13:00,,,
2025-06-24,3034,清水直樹,break,12:00-13:00,,,
2025-06-25,3034,清水直樹,break,12:00-13:00,,,
2025-06-26,3034,清水直樹,break,12:00-13:00,,,
2025-06-27,3034,清水直樹,break,12:00-13:00,,,
2025-06-30,3034,清水直樹,break,12:00-13:00,,,
2025-06-23,4680,木村翔太,break,12:00-13:00,,,
2025-06-24,4680,木村翔太,break,12:00-13:00,,,
2025-06-25,4680,木村翔太,break,12:00-13:00,,,
2025-06-26,4680,木村翔太,break,12:00-13:00,,,
2025-06-27,4680,木村翔太,break,12:00-13:00,,,
2025-06-30,4680,木村翔太,break,12:00-13:00,,,
2025-06-23,2895,山口美優,break,12:00-13:00,,,
2025-06-24,2895,山口美優,break,12:00-13:00,,,
2025-06-25,2895,山口美優,break,12:00-13:00,,,
2025-06-26,2895,山口美優,break,12:00-13:00,,,
2025-06-27,2895,山口美優,break,12:00-13:00,,,
2025-06-30,2895,山口美優,break,12:00-13:00,,,
2025-06-23,2903,木村悠人,break,12:00-13:00,,,
2025-06-24,2903,木村悠人,break,12:00-13:00,,,
2025-06-25,2903,木村悠人,break,12:00-13:00,,,
2025-06-26,2903,木村悠人,break,12:00-13:00,,,
2025-06-27,2903,木村悠人,break,12:00-13:00,,,
2025-06-30,2903,木村悠人,break,12:00-13:00,,,
2025-06-23,5551,高橋拓海,break,12:00-13:00,,,
2025-06-24,5551,高橋拓海,break,12:00-13:00,,,
2025-06-25,5551,高橋拓海,break,12:00-13:00,,,
2025-06-26,5551,高橋拓海,break,12:00-13:00,,,
2025-06-27,5551,高橋拓海,break,12:00-13:00,,,
2025-06-30,5551,高橋拓海,break,12:00-13:00,,,
2025-06-23,6030,木村健太,break,12:00-13:00,,,
2025-06-24,6030,木村健太,break,12:00-13:00,,,
2025-06-25,6030,木村健太,break,12:00-13:00,,,
2025-06-26,6030,木村健太,break,12:00-13:00,,,
2025-06-27,6030,木村健太,break,12:00-13:00,,,
2025-06-30,6030,木村健太,break,12:00-13:00,,,
2025-06-23,1698,松本優斗,break,12:00-13:00,,,
2025-06-24,1698,松本優斗,break,12:00-13:00,,,
2025-06-25,1698,松本優斗,break,12:00-13:00,,,
2025-06-26,1698,松本優斗,break,12:00-13:00,,,
2025-06-27,1698,松本優斗,break,12:00-13:00,,,
2025-06-30,1698,松本優斗,break,12:00-13:00,,,
2025-06-23,4339,山口花子,break,12:00-13:00,,,
2025-06-24,4339,山口花子,break,12:00-13:00,,,
2025-06-25,4339,山口花子,break,12:00-13:00,,,
2025-06-26,4339,山口花子,break,12:00-13:00,,,
2025-06-27,4339,山口花子,break,12:00-13:00,,,
2025-06-30,4339,山口花子,break,12:00-13:00,,,
2025-06-23,6246,山田千尋,break,12:00-13:00,,,
2025-06-24,6246,山田千尋,break,12:00-13:00,,,
2025-06-25,6246,山田千尋,break,12:00-13:00,,,
2025-06-26,6246,山田千尋,break,12:00-13:00,,,
2025-06-27,6246,山田千尋,break,12:00-13:00,,,
2025-06-30,6246,山田千尋,break,12:00-13:00,,,
2025-06-23,4021,田中一郎,break,12:00-13:00,,,
2025-06-24,4021,田中一郎,break,12:00-13:00,,,
2025-06-25,4021,田中一郎,break,12:00-13:00,,,
2025-06-26,4021,田中一郎,break,12:00-13:00,,,
2025-06-27,4021,田中一郎,break,12:00-13:00,,,
2025-06-30,4021,田中一郎,break,12:00-13:00,,,
2025-06-23,7869,山口彩香,break,12:00-13:00,,,
2025-06-24,7869,山口彩香,break,12:00-13:00,,,
2025-06-25,7869,山口彩香,break,12:00-13:00,,,
2025-06-26,7869,山口彩香,break,12:00-13:00,,,
2025-06-27,7869,山口彩香,break,12:00-13:00,,,
2025-06-30,7869,山口彩香,break,12:00-13:00,,,
2025-06-23,1564,山本美月,break,12:00-13:00,,,
2025-06-24,1564,山本美月,break,12:00-13:00,,,
2025-06-25,1564,山本美月,break,12:00-13:00,,,
2025-06-26,1564,山本美月,break,12:00-13:00,,,
2025-06-27,1564,山本美月,break,12:00-13:00,,,
2025-06-30,1564,山本美月,break,12:00-13:00,,,
2025-06-23,5719,加藤健太,break,12:00-13:00,,,
2025-06-24,5719,加藤健太,break,12:00-13:00,,,
2025-06-25,5719,加藤健太,break,12:00-13:00,,,
2025-06-26,5719,加藤健太,break,12:00-13:00,,,
2025-06-27,5719,加藤健太,break,12:00-13:00,,,
2025-06-30,5719,加藤健太,break,12:00-13:00,,,
2025-06-23,2349,松本颯太,break,12:00-13:00,,,
2025-06-24,2349,松本颯太,break,12:00-13:00,,,
2025-06-25,2349,松本颯太,break,12:00-13:00,,,
2025-06-26,2349,松本颯太,break,12:00-13:00,,,
2025-06-27,2349,松本颯太,break,12:00-13:00,,,
2025-06-30,2349,松本颯太,break,12:00-13:00,,,
2025-06-23,6536,高橋優斗,break,12:00-13:00,,,
2025-06-24,6536,高橋優斗,break,12:00-13:00,,,
2025-06-25,6536,高橋優斗,break,12:00-13:00,,,
2025-06-26,6536,高橋優斗,break,12:00-13:00,,,
2025-06-27,6536,高橋優斗,break,12:00-13:00,,,
2025-06-30,6536,高橋優斗,break,12:00-13:00,,,
2025-06-23,2893,高橋美月,break,12:00-13:00,,,
2025-06-24,2893,高橋美月,break,12:00-13:00,,,
2025-06-25,2893,高橋美月,break,12:00-13:00,,,
2025-06-26,2893,高橋美月,break,12:00-13:00,,,
2025-06-27,2893,高橋美月,break,12:00-13:00,,,
2025-06-30,2893,高橋美月,break,12:00-13:00,,,
2025-06-23,6420,山口直樹,break,12:00-13:00,,,
2025-06-24,6420,山口直樹,break,12:00-13:00,,,
2025-06-25,6420,山口直樹,break,12:00-13:00,,,
2025-06-26,6420,山口直樹,break,12:00-13:00,,,
2025-06-27,6420,山口直樹,break,12:00-13:00,,,
2025-06-30,6420,山口直樹,break,12:00-13:00,,,
2025-06-23,2822,山口美月,break,12:00-13:00,,,
2025-06-24,2822,山口美月,break,12:00-13:00,,,
2025-06-25,2822,山口美月,break,12:00-13:00,,,
2025-06-26,2822,山口美月,break,12:00-13:00,,,
2025-06-27,2822,山口美月,break,12:00-13:00,,,
2025-06-30,2822,山口美月,break,12:00-13:00,,,
2025-06-23,2495,山口千尋,break,12:00-13:00,,,
2025-06-24,2495,山口千尋,break,12:00-13:00,,,
2025-06-25,2495,山口千尋,break,12:00-13:00,,,
2025-06-26,2495,山口千尋,break,12:00-13:00,,,
2025-06-27,2495,山口千尋,break,12:00-13:00,,,
2025-06-30,2495,山口千尋,break,12:00-13:00,,,
2025-06-23,1650,吉田太郎,break,12:00-13:00,,,
2025-06-24,1650,吉田太郎,break,12:00-13:00,,,
2025-06-25,1650,吉田太郎,break,12:00-13:00,,,
2025-06-26,1650,吉田太郎,break,12:00-13:00,,,
2025-06-27,1650,吉田太郎,break,12:00-13:00,,,
2025-06-30,1650,吉田太郎,break,12:00-13:00,,,
2025-06-23,3304,佐々木美優,break,12:00-13:00,,,
2025-06-24,3304,佐々木美優,break,12:00-13:00,,,
2025-06-25,3304,佐々木美優,break,12:00-13:00,,,
2025-06-26,3304,佐々木美優,break,12:00-13:00,,,
2025-06-27,3304,佐々木美優,break,12:00-13:00,,,
2025-06-30,3304,佐々木美優,break,12:00-13:00,,,
2025-06-23,4833,佐々木悠人,break,12:00-13:00,,,
2025-06-24,4833,佐々木悠人,break,12:00-13:00,,,
2025-06-25,4833,佐々木悠人,break,12:00-13:00,,,
2025-06-26,4833,佐々木悠人,break,12:00-13:00,,,
2025-06-27,4833,佐々木悠人,break,12:00-13:00,,,
2025-06-30,4833,佐々木悠人,break,12:00-13:00,,,
2025-06-23,8112,佐藤愛,break,12:00-13:00,,,
2025-06-24,8112,佐藤愛,break,12:00-13:00,,,
2025-06-25,8112,佐藤愛,break,12:00-13:00,,,
2025-06-26,8112,佐藤愛,break,12:00-13:00,,,
2025-06-27,8112,佐藤愛,break,12:00-13:00,,,
2025-06-30,8112,佐藤愛,break,12:00-13:00,,,
2025-06-23,5769,伊藤健一,break,12:00-13:00,,,
2025-06-24,5769,伊藤健一,break,12:00-13:00,,,
2025-06-25,5769,伊藤健一,break,12:00-13:00,,,
2025-06-26,5769,伊藤健一,break,12:00-13:00,,,
2025-06-27,5769,伊藤健一,break,12:00-13:00,,,
2025-06-30,5769,伊藤健一,break,12:00-13:00,,,
2025-06-23,3641,林千尋,break,12:00-13:00,,,
2025-06-24,3641,林千尋,break,12:00-13:00,,,
2025-06-25,3641,林千尋,break,12:00-13:00,,,
2025-06-26,3641,林千尋,break,12:00-13:00,,,
2025-06-27,3641,林千尋,break,12:00-13:00,,,
2025-06-30,3641,林千尋,break,12:00-13:00,,,
2025-06-23,1591,小林悠人,break,12:00-13:00,,,
2025-06-24,1591,小林悠人,break,12:00-13:00,,,
2025-06-25,1591,小林悠人,break,12:00-13:00,,,
2025-06-26,1591,小林悠人,break,12:00-13:00,,,
2025-06-27,1591,小林悠人,break,12:00-13:00,,,
2025-06-30,1591,小林悠人,break,12:00-13:00,,,
2025-06-23,3734,林美咲,break,12:00-13:00,,,
2025-06-24,3734,林美咲,break,12:00-13:00,,,
2025-06-25,3734,林美咲,break,12:00-13:00,,,
2025-06-26,3734,林美咲,break,12:00-13:00,,,
2025-06-27,3734,林美咲,break,12:00-13:00,,,
2025-06-30,3734,林美咲,break,12:00-13:00,,,
2025-06-23,7837,林葵,break,12:00-13:00,,,
2025-06-24,7837,林葵,break,12:00-13:00,,,
2025-06-25,7837,林葵,break,12:00-13:00,,,
2025-06-26,7837,林葵,break,12:00-13:00,,,
2025-06-27,7837,林葵,break,12:00-13:00,,,
2025-06-30,7837,林葵,break,12:00-13:00,,,
2025-06-23,145,小林颯太,break,12:00-13:00,,,
2025-06-24,145,小林颯太,break,12:00-13:00,,,
2025-06-25,145,小林颯太,break,12:00-13:00,,,
2025-06-26,145,小林颯太,break,12:00-13:00,,,
2025-06-27,145,小林颯太,break,12:00-13:00,,,
2025-06-30,145,小林颯太,break,12:00-13:00,,,
2025-06-23,1769,斎藤拓海,break,12:00-13:00,,,
2025-06-24,1769,斎藤拓海,break,12:00-13:00,,,
2025-06-25,1769,斎藤拓海,break,12:00-13:00,,,
2025-06-26,1769,斎藤拓海,break,12:00-13:00,,,
2025-06-27,1769,斎藤拓海,break,12:00-13:00,,,
2025-06-30,1769,斎藤拓海,break,12:00-13:00,,,
2025-06-23,9670,佐藤直樹,break,12:00-13:00,,,
2025-06-24,9670,佐藤直樹,break,12:00-13:00,,,
2025-06-25,9670,佐藤直樹,break,12:00-13:00,,,
2025-06-26,9670,佐藤直樹,break,12:00-13:00,,,
2025-06-27,9670,佐藤直樹,break,12:00-13:00,,,
2025-06-30,9670,佐藤直樹,break,12:00-13:00,,,
2025-06-23,5928,田中結衣,break,12:00-13:00,,,
2025-06-24,5928,田中結衣,break,12:00-13:00,,,
2025-06-25,5928,田中結衣,break,12:00-13:00,,,
2025-06-26,5928,田中結衣,break,12:00-13:00,,,
2025-06-27,5928,田中結衣,break,12:00-13:00,,,
2025-06-30,5928,田中結衣,break,12:00-13:00,,,
2025-06-23,596,渡辺彩香,break,12:00-13:00,,,
2025-06-24,596,渡辺彩香,break,12:00-13:00,,,
2025-06-25,596,渡辺彩香,break,12:00-13:00,,,
2025-06-26,596,渡辺彩香,break,12:00-13:00,,,
2025-06-27,596,渡辺彩香,break,12:00-13:00,,,
2025-06-30,596,渡辺彩香,break,12:00-13:00,,,
2025-06-23,5000,山本悠人,break,12:00-13:00,,,
2025-06-24,5000,山本悠人,break,12:00-13:00,,,
2025-06-25,5000,山本悠人,break,12:00-13:00,,,
2025-06-26,5000,山本悠人,break,12:00-13:00,,,
2025-06-27,5000,山本悠人,break,12:00-13:00,,,
2025-06-30,5000,山本悠人,break,12:00-13:00,,,
2025-06-23,1880,井上美月,break,12:00-13:00,,,
2025-06-24,1880,井上美月,break,12:00-13:00,,,
2025-06-25,1880,井上美月,break,12:00-13:00,,,
2025-06-26,1880,井上美月,break,12:00-13:00,,,
2025-06-27,1880,井上美月,break,12:00-13:00,,,
2025-06-30,1880,井上美月,break,12:00-13:00,,,
2025-06-23,4873,林彩香,break,12:00-13:00,,,
2025-06-24,4873,林彩香,break,12:00-13:00,,,
2025-06-25,4873,林彩香,break,12:00-13:00,,,
2025-06-26,4873,林彩香,break,12:00-13:00,,,
2025-06-27,4873,林彩香,break,12:00-13:00,,,
2025-06-30,4873,林彩香,break,12:00-13:00,,,
2025-06-23,7486,小林美優,break,12:00-13:00,,,
2025-06-24,7486,小林美優,break,12:00-13:00,,,
2025-06-25,7486,小林美優,break,12:00-13:00,,,
2025-06-26,7486,小林美優,break,12:00-13:00,,,
2025-06-27,7486,小林美優,break,12:00-13:00,,,
2025-06-30,7486,小林美優,break,12:00-13:00,,,
2025-06-23,1438,松本拓海,break,12:00-13:00,,,
2025-06-24,1438,松本拓海,break,12:00-13:00,,,
2025-06-25,1438,松本拓海,break,12:00-13:00,,,
2025-06-26,1438,松本拓海,break,12:00-13:00,,,
2025-06-27,1438,松本拓海,break,12:00-13:00,,,
2025-06-30,1438,松本拓海,break,12:00-13:00,,,
2025-06-23,3315,高橋結衣,break,12:00-13:00,,,
2025-06-24,3315,高橋結衣,break,12:00-13:00,,,
2025-06-25,3315,高橋結衣,break,12:00-13:00,,,
2025-06-26,3315,高橋結衣,break,12:00-13:00,,,
2025-06-27,3315,高橋結衣,break,12:00-13:00,,,
2025-06-30,3315,高橋結衣,break,12:00-13:00,,,
2025-06-23,8471,田中悠人,break,12:00-13:00,,,
2025-06-24,8471,田中悠人,break,12:00-13:00,,,
2025-06-25,8471,田中悠人,break,12:00-13:00,,,
2025-06-26,8471,田中悠人,break,12:00-13:00,,,
2025-06-27,8471,田中悠人,break,12:00-13:00,,,
2025-06-30,8471,田中悠人,break,12:00-13:00,,,
2025-06-23,2534,山田拓海,break,12:00-13:00,,,
2025-06-24,2534,山田拓海,break,12:00-13:00,,,
2025-06-25,2534,山田拓海,break,12:00-13:00,,,
2025-06-26,2534,山田拓海,break,12:00-13:00,,,
2025-06-27,2534,山田拓海,break,12:00-13:00,,,
2025-06-30,2534,山田拓海,break,12:00-13:00,,,
2025-06-23,582,加藤颯太,break,12:00-13:00,,,
2025-06-24,582,加藤颯太,break,12:00-13:00,,,
2025-06-25,582,加藤颯太,break,12:00-13:00,,,
2025-06-26,582,加藤颯太,break,12:00-13:00,,,
2025-06-27,582,加藤颯太,break,12:00-13:00,,,
2025-06-30,582,加藤颯太,break,12:00-13:00,,,
2025-06-23,7596,山口颯太,break,12:00-13:00,,,
2025-06-24,7596,山口颯太,break,12:00-13:00,,,
2025-06-25,7596,山口颯太,break,12:00-13:00,,,
2025-06-26,7596,山口颯太,break,12:00-13:00,,,
2025-06-27,7596,山口颯太,break,12:00-13:00,,,
2025-06-30,7596,山口颯太,break,12:00-13:00,,,
2025-06-23,3700,木村健一,break,12:00-13:00,,,
2025-06-24,3700,木村健一,break,12:00-13:00,,,
2025-06-25,3700,木村健一,break,12:00-13:00,,,
2025-06-26,3700,木村健一,break,12:00-13:00,,,
2025-06-27,3700,木村健一,break,12:00-13:00,,,
2025-06-30,3700,木村健一,break,12:00-13:00,,,
2025-06-23,6849,吉田美月,break,12:00-13:00,,,
2025-06-24,6849,吉田美月,break,12:00-13:00,,,
2025-06-25,6849,吉田美月,break,12:00-13:00,,,
2025-06-26,6849,吉田美月,break,12:00-13:00,,,
2025-06-27,6849,吉田美月,break,12:00-13:00,,,
2025-06-30,6849,吉田美月,break,12:00-13:00,,,
2025-06-23,8258,小林直樹,break,12:00-13:00,,,
2025-06-24,8258,小林直樹,break,12:00-13:00,,,
2025-06-25,8258,小林直樹,break,12:00-13:00,,,
2025-06-26,8258,小林直樹,break,12:00-13:00,,,
2025-06-27,8258,小林直樹,break,12:00-13:00,,,
2025-06-30,8258,小林直樹,break,12:00-13:00,,,
2025-06-23,3899,佐藤太郎,break,12:00-13:00,,,
2025-06-24,3899,佐藤太郎,break,12:00-13:00,,,
2025-06-25,3899,佐藤太郎,break,12:00-13:00,,,
2025-06-26,3899,佐藤太郎,break,12:00-13:00,,,
2025-06-27,3899,佐藤太郎,break,12:00-13:00,,,
2025-06-30,3899,佐藤太郎,break,12:00-13:00,,,
2025-06-23,9266,伊藤愛,break,12:00-13:00,,,
2025-06-24,9266,伊藤愛,break,12:00-13:00,,,
2025-06-25,9266,伊藤愛,break,12:00-13:00,,,
2025-06-26,9266,伊藤愛,break,12:00-13:00,,,
2025-06-27,9266,伊藤愛,break,12:00-13:00,,,
2025-06-30,9266,伊藤愛,break,12:00-13:00,,,
2025-06-23,5268,加藤真由美,break,12:00-13:00,,,
2025-06-24,5268,加藤真由美,break,12:00-13:00,,,
2025-06-25,5268,加藤真由美,break,12:00-13:00,,,
2025-06-26,5268,加藤真由美,break,12:00-13:00,,,
2025-06-27,5268,加藤真由美,break,12:00-13:00,,,
2025-06-30,5268,加藤真由美,break,12:00-13:00,,,
2025-06-23,4835,清水悠人,break,12:00-13:00,,,
2025-06-24,4835,清水悠人,break,12:00-13:00,,,
2025-06-25,4835,清水悠人,break,12:00-13:00,,,
2025-06-26,4835,清水悠人,break,12:00-13:00,,,
2025-06-27,4835,清水悠人,break,12:00-13:00,,,
2025-06-30,4835,清水悠人,break,12:00-13:00,,,
2025-06-23,3762,清水葵,break,12:00-13:00,,,
2025-06-24,3762,清水葵,break,12:00-13:00,,,
2025-06-25,3762,清水葵,break,12:00-13:00,,,
2025-06-26,3762,清水葵,break,12:00-13:00,,,
2025-06-27,3762,清水葵,break,12:00-13:00,,,
2025-06-30,3762,清水葵,break,12:00-13:00,,,
