2025-06-18,0001,田中太郎,online,9:00-18:00
2025-06-18,0001,田中太郎,meeting,14:00-16:00
2025-06-18,0002,佐藤花子,online,9:00-17:30
2025-06-18,0002,佐藤花子,break,12:00-13:00
2025-06-18,0003,山田次郎,online,8:30-17:30
2025-06-18,0003,山田次郎,training,10:00-12:00
2025-06-18,0004,鈴木美咲,online,9:00-18:00
2025-06-18,0005,高橋直樹,online,8:30-17:00
2025-06-18,0006,伊藤彩香,online,9:00-18:00
2025-06-18,0006,伊藤彩香,meeting,13:00-14:30
2025-06-18,0007,渡辺翔太,online,9:00-17:30
2025-06-18,0008,中村真由美,online,8:30-17:30
2025-06-18,0008,中村真由美,break,12:00-13:00
2025-06-18,0009,小林健一,online,9:00-18:00
2025-06-18,0010,加藤結衣,online,9:00-17:30
2025-06-18,0011,山本拓海,online,8:30-17:30
2025-06-18,0012,松本花子,online,9:00-18:00
2025-06-18,0012,松本花子,training,15:00-17:00
2025-06-18,0013,森田太郎,online,8:30-17:30
2025-06-18,0014,井上美咲,online,9:00-18:00
2025-06-18,0015,清水拓海,online,9:00-17:30
2025-06-19,0001,田中太郎,online,9:00-18:00
2025-06-19,0002,佐藤花子,online,9:00-17:30
2025-06-19,0002,佐藤花子,meeting,10:00-11:30
2025-06-19,0003,山田次郎,online,8:30-17:30
2025-06-19,0004,鈴木美咲,online,9:00-18:00
2025-06-19,0004,鈴木美咲,break,12:00-13:00
2025-06-19,0005,高橋直樹,training,8:30-17:00
2025-06-19,0006,伊藤彩香,online,9:00-18:00
2025-06-19,0007,渡辺翔太,online,9:00-17:30
2025-06-19,0008,中村真由美,online,8:30-17:30
2025-06-19,0009,小林健一,online,9:00-18:00
2025-06-19,0009,小林健一,meeting,14:00-15:30
2025-06-19,0010,加藤結衣,online,9:00-17:30
2025-06-19,0011,山本拓海,online,8:30-17:30
2025-06-19,0012,松本花子,online,9:00-18:00
2025-06-19,0013,森田太郎,online,8:30-17:30
2025-06-19,0014,井上美咲,online,9:00-18:00
2025-06-19,0015,清水拓海,online,9:00-17:30
2025-06-20,0001,田中太郎,online,9:00-18:00
2025-06-20,0002,佐藤花子,online,9:00-17:30
2025-06-20,0003,山田次郎,online,8:30-17:30
2025-06-20,0003,山田次郎,meeting,9:00-10:30
2025-06-20,0004,鈴木美咲,online,9:00-18:00
2025-06-20,0005,高橋直樹,online,8:30-17:00
2025-06-20,0006,伊藤彩香,online,9:00-18:00
2025-06-20,0007,渡辺翔太,online,9:00-17:30
2025-06-20,0007,渡辺翔太,training,13:00-16:00
2025-06-20,0008,中村真由美,online,8:30-17:30
2025-06-20,0009,小林健一,online,9:00-18:00
2025-06-20,0010,加藤結衣,online,9:00-17:30
2025-06-20,0010,加藤結衣,break,12:00-13:00
2025-06-20,0011,山本拓海,online,8:30-17:30
2025-06-20,0012,松本花子,online,9:00-18:00
2025-06-20,0013,森田太郎,online,8:30-17:30
2025-06-20,0014,井上美咲,online,9:00-18:00
2025-06-20,0014,井上美咲,meeting,15:30-17:00
2025-06-20,0015,清水拓海,online,9:00-17:30
2025-06-21,0001,田中太郎,online,9:00-18:00
2025-06-21,0001,田中太郎,night_duty,18:00-21:00
2025-06-21,0002,佐藤花子,online,9:00-17:30
2025-06-21,0003,山田次郎,online,8:30-17:30
2025-06-21,0004,鈴木美咲,online,9:00-18:00
2025-06-21,0004,鈴木美咲,training,10:00-12:00
2025-06-21,0005,高橋直樹,online,8:30-17:00
2025-06-21,0006,伊藤彩香,online,9:00-18:00
2025-06-21,0007,渡辺翔太,online,9:00-17:30
2025-06-21,0008,中村真由美,online,8:30-17:30
2025-06-21,0008,中村真由美,meeting,11:00-12:00
2025-06-21,0009,小林健一,online,9:00-18:00
2025-06-21,0010,加藤結衣,online,9:00-17:30
2025-06-21,0011,山本拓海,online,8:30-17:30
2025-06-21,0012,松本花子,online,9:00-18:00
2025-06-21,0013,森田太郎,online,8:30-17:30
2025-06-21,0013,森田太郎,night_duty,18:00-21:00
2025-06-21,0014,井上美咲,online,9:00-18:00
2025-06-21,0015,清水拓海,online,9:00-17:30
2025-06-22,0001,田中太郎,off,8:00-17:00
2025-06-22,0002,佐藤花子,online,9:00-17:30
2025-06-22,0002,佐藤花子,meeting,14:00-16:00
2025-06-22,0003,山田次郎,online,8:30-17:30
2025-06-22,0004,鈴木美咲,online,9:00-18:00
2025-06-22,0005,高橋直樹,online,8:30-17:00
2025-06-22,0006,伊藤彩香,off,9:00-18:00
2025-06-22,0007,渡辺翔太,online,9:00-17:30
2025-06-22,0008,中村真由美,online,8:30-17:30
2025-06-22,0009,小林健一,online,9:00-18:00
2025-06-22,0010,加藤結衣,online,9:00-17:30
2025-06-22,0011,山本拓海,online,8:30-17:30
2025-06-22,0012,松本花子,online,9:00-18:00
2025-06-22,0013,森田太郎,online,8:30-17:30
2025-06-22,0014,井上美咲,online,9:00-18:00
2025-06-22,0015,清水拓海,off,9:00-17:30