2025-06-01,2045,山口一郎,off,09:00-18:00,,
2025-06-01,7260,斎藤健一,off,09:00-18:00,,
2025-06-01,8339,山田美月,off,09:00-18:00,,
2025-06-01,9220,田中次郎,off,09:00-18:00,,
2025-06-01,9283,鈴木花子,off,09:00-18:00,,
2025-06-01,9527,高橋三郎,off,09:00-18:00,,
2025-06-01,9876,佐藤四郎,off,09:00-18:00,,
2025-06-01,9999,伊藤五郎,off,09:00-18:00,,
2025-06-01,1001,渡辺六郎,off,09:00-18:00,,
2025-06-01,1002,山本七郎,off,09:00-18:00,,
2025-06-01,1003,中村八郎,off,09:00-18:00,,
2025-06-01,1004,小林九郎,off,09:00-18:00,,
2025-06-01,1005,加藤十郎,off,09:00-18:00,,
2025-06-02,2045,山口一郎,off,09:00-18:00,,
2025-06-02,7260,斎藤健一,,,,,件名チェック担当
2025-06-02,8339,山田美月,break,12:00-13:00,,
2025-06-02,9220,田中次郎,break,12:00-13:00,,
2025-06-02,9283,鈴木花子,break,12:00-13:00,,
2025-06-02,9527,高橋三郎,break,12:00-13:00,,
2025-06-02,9876,佐藤四郎,break,12:00-13:00,,
2025-06-02,9999,伊藤五郎,break,12:00-13:00,,
2025-06-02,1001,渡辺六郎,break,12:00-13:00,,
2025-06-02,1002,山本七郎,break,12:00-13:00,,
2025-06-02,1003,中村八郎,break,12:00-13:00,,
2025-06-02,1004,小林九郎,break,12:00-13:00,,
2025-06-02,1005,加藤十郎,break,12:00-13:00,,
2025-06-03,2045,山口一郎,off,09:00-18:00,,
2025-06-03,7260,斎藤健一,break,12:00-13:00,,
2025-06-03,8339,山田美月,break,12:00-13:00,,
2025-06-03,9220,田中次郎,break,12:00-13:00,,
2025-06-03,9283,鈴木花子,break,12:00-13:00,,
2025-06-03,9527,高橋三郎,break,12:00-13:00,,
2025-06-03,9876,佐藤四郎,break,12:00-13:00,,
2025-06-03,9999,伊藤五郎,online,09:00-18:00,,
2025-06-03,1001,渡辺六郎,break,12:00-13:00,,
2025-06-03,1002,山本七郎,break,12:00-13:00,,
2025-06-03,1003,中村八郎,break,12:00-13:00,,
2025-06-03,1004,小林九郎,break,12:00-13:00,,
2025-06-03,1005,加藤十郎,break,12:00-13:00,,
2025-06-04,2045,山口一郎,off,09:00-12:00,,
2025-06-04,2045,山口一郎,break,17:00-18:00,,
2025-06-04,2045,山口一郎,night_duty,18:00-21:00,,
2025-06-04,7260,斎藤健一,break,12:00-13:00,,
2025-06-04,8339,山田美月,break,12:00-13:00,,
2025-06-04,9220,田中次郎,break,12:00-13:00,,
2025-06-04,9283,鈴木花子,break,12:00-13:00,,
2025-06-04,9527,高橋三郎,break,12:00-13:00,,
2025-06-04,9876,佐藤四郎,break,12:00-13:00,,
2025-06-04,9999,伊藤五郎,break,12:00-13:00,,
2025-06-04,1001,渡辺六郎,break,12:00-13:00,,
2025-06-04,1002,山本七郎,break,12:00-13:00,,
2025-06-04,1003,中村八郎,break,12:00-13:00,,
2025-06-04,1004,小林九郎,break,12:00-13:00,,
2025-06-04,1005,加藤十郎,break,12:00-13:00,,
2025-06-05,2045,山口一郎,break,12:00-13:00,,
2025-06-05,7260,斎藤健一,break,12:00-13:00,,
2025-06-05,8339,山田美月,break,12:00-13:00,,
2025-06-05,9220,田中次郎,break,12:00-13:00,,
2025-06-05,9283,鈴木花子,break,12:00-13:00,,
2025-06-05,9527,高橋三郎,break,12:00-13:00,,
2025-06-05,9876,佐藤四郎,break,12:00-13:00,,
2025-06-05,9999,伊藤五郎,break,12:00-13:00,,
2025-06-05,1001,渡辺六郎,break,12:00-13:00,,
2025-06-05,1002,山本七郎,break,12:00-13:00,,
2025-06-05,1003,中村八郎,break,12:00-13:00,,
2025-06-05,1004,小林九郎,break,12:00-13:00,,
2025-06-05,1005,加藤十郎,break,12:00-13:00,,
2025-06-06,2045,山口一郎,off,09:00-12:00,,
2025-06-06,2045,山口一郎,break,17:00-18:00,,
2025-06-06,2045,山口一郎,night_duty,18:00-21:00,,
2025-06-06,7260,斎藤健一,break,12:00-13:00,,
2025-06-06,8339,山田美月,break,12:00-13:00,,
2025-06-06,9220,田中次郎,break,12:00-13:00,,
2025-06-06,9283,鈴木花子,break,12:00-13:00,,
2025-06-06,9527,高橋三郎,break,12:00-13:00,,
2025-06-06,9876,佐藤四郎,break,12:00-13:00,,
2025-06-06,9999,伊藤五郎,break,12:00-13:00,,
2025-06-06,1001,渡辺六郎,break,12:00-13:00,,
2025-06-06,1002,山本七郎,break,12:00-13:00,,
2025-06-06,1003,中村八郎,break,12:00-13:00,,
2025-06-06,1004,小林九郎,break,12:00-13:00,,
2025-06-06,1005,加藤十郎,break,12:00-13:00,,
2025-06-07,2045,山口一郎,off,09:00-18:00,,
2025-06-07,7260,斎藤健一,off,09:00-18:00,,
2025-06-07,8339,山田美月,online,09:00-18:00,,
2025-06-07,9220,田中次郎,off,09:00-18:00,,
2025-06-07,9283,鈴木花子,off,09:00-18:00,,
2025-06-07,9527,高橋三郎,off,09:00-18:00,,
2025-06-07,9876,佐藤四郎,off,09:00-18:00,,
2025-06-07,9999,伊藤五郎,off,09:00-18:00,,
2025-06-07,1001,渡辺六郎,off,09:00-18:00,,
2025-06-07,1002,山本七郎,off,09:00-18:00,,
2025-06-07,1003,中村八郎,off,09:00-18:00,,
2025-06-07,1004,小林九郎,off,09:00-18:00,,
2025-06-07,1005,加藤十郎,online,09:00-18:00,,
2025-06-08,2045,山口一郎,off,09:00-18:00,,
2025-06-08,7260,斎藤健一,off,09:00-18:00,,
2025-06-08,8339,山田美月,off,09:00-18:00,,
2025-06-08,9220,田中次郎,off,09:00-18:00,,
2025-06-08,9283,鈴木花子,off,09:00-18:00,,
2025-06-08,9527,高橋三郎,off,09:00-18:00,,
2025-06-08,9876,佐藤四郎,off,09:00-18:00,,
2025-06-08,9999,伊藤五郎,off,09:00-18:00,,
2025-06-08,1001,渡辺六郎,off,09:00-18:00,,
2025-06-08,1002,山本七郎,off,09:00-18:00,,
2025-06-08,1003,中村八郎,off,09:00-18:00,,
2025-06-08,1004,小林九郎,online,09:00-18:00,,
2025-06-08,1005,加藤十郎,off,09:00-18:00,,
2025-06-09,2045,山口一郎,off,09:00-18:00,,
2025-06-09,7260,斎藤健一,,,,,件名チェック担当
2025-06-09,8339,山田美月,break,12:00-13:00,,
2025-06-09,9220,田中次郎,break,12:00-13:00,,
2025-06-09,9283,鈴木花子,break,12:00-13:00,,
2025-06-09,9527,高橋三郎,break,12:00-13:00,,
2025-06-09,9876,佐藤四郎,break,12:00-13:00,,
2025-06-09,9999,伊藤五郎,break,12:00-13:00,,
2025-06-09,1001,渡辺六郎,break,12:00-13:00,,
2025-06-09,1002,山本七郎,break,12:00-13:00,,
2025-06-09,1003,中村八郎,break,12:00-13:00,,
2025-06-09,1004,小林九郎,break,12:00-13:00,,
2025-06-09,1005,加藤十郎,break,12:00-13:00,,
2025-06-10,2045,山口一郎,off,09:00-12:00,,
2025-06-10,2045,山口一郎,break,17:00-18:00,,
2025-06-10,2045,山口一郎,night_duty,18:00-21:00,,
2025-06-10,7260,斎藤健一,break,12:00-13:00,,
2025-06-10,8339,山田美月,off,09:00-14:00,,
2025-06-10,9220,田中次郎,break,12:00-13:00,,
2025-06-10,9283,鈴木花子,break,12:00-13:00,,
2025-06-10,9527,高橋三郎,break,12:00-13:00,,
2025-06-10,9876,佐藤四郎,break,12:00-13:00,,
2025-06-10,9999,伊藤五郎,break,12:00-13:00,,
2025-06-10,1001,渡辺六郎,break,12:00-13:00,,
2025-06-10,1002,山本七郎,break,12:00-13:00,,
2025-06-10,1003,中村八郎,break,12:00-13:00,,
2025-06-10,1004,小林九郎,break,12:00-13:00,,
2025-06-10,1005,加藤十郎,break,12:00-13:00,,
2025-06-11,2045,山口一郎,off,09:00-18:00,,
2025-06-11,7260,斎藤健一,break,12:00-13:00,,
2025-06-11,8339,山田美月,break,12:00-13:00,,
2025-06-11,9220,田中次郎,break,12:00-13:00,,
2025-06-11,9283,鈴木花子,break,12:00-13:00,,
2025-06-11,9527,高橋三郎,break,12:00-13:00,,
2025-06-11,9876,佐藤四郎,online,09:00-18:00,,
2025-06-11,9999,伊藤五郎,break,12:00-13:00,,
2025-06-11,1001,渡辺六郎,break,12:00-13:00,,
2025-06-11,1002,山本七郎,break,12:00-13:00,,
2025-06-11,1003,中村八郎,break,12:00-13:00,,
2025-06-11,1004,小林九郎,break,12:00-13:00,,
2025-06-11,1005,加藤十郎,break,12:00-13:00,,
2025-06-12,2045,山口一郎,off,09:00-12:00,,
2025-06-12,2045,山口一郎,break,17:00-18:00,,
2025-06-12,2045,山口一郎,night_duty,18:00-21:00,,
2025-06-12,7260,斎藤健一,break,12:00-13:00,,
2025-06-12,8339,山田美月,break,12:00-13:00,,
2025-06-12,9220,田中次郎,break,12:00-13:00,,
2025-06-12,9283,鈴木花子,break,12:00-13:00,,
2025-06-12,9527,高橋三郎,break,12:00-13:00,,
2025-06-12,9876,佐藤四郎,break,12:00-13:00,,
2025-06-12,9999,伊藤五郎,break,12:00-13:00,,
2025-06-12,1001,渡辺六郎,break,12:00-13:00,,
2025-06-12,1002,山本七郎,break,12:00-13:00,,
2025-06-12,1003,中村八郎,break,12:00-13:00,,
2025-06-12,1004,小林九郎,break,12:00-13:00,,
2025-06-12,1005,加藤十郎,break,12:00-13:00,,
2025-06-13,2045,山口一郎,break,12:00-13:00,,
2025-06-13,7260,斎藤健一,break,12:00-13:00,,
2025-06-13,8339,山田美月,break,12:00-13:00,,
2025-06-13,9220,田中次郎,break,12:00-13:00,,
2025-06-13,9283,鈴木花子,break,12:00-13:00,,
2025-06-13,9527,高橋三郎,online,09:00-18:00,,
2025-06-13,9876,佐藤四郎,break,12:00-13:00,,
2025-06-13,9999,伊藤五郎,break,12:00-13:00,,
2025-06-13,1001,渡辺六郎,break,12:00-13:00,,
2025-06-13,1002,山本七郎,break,12:00-13:00,,
2025-06-13,1003,中村八郎,break,12:00-13:00,,
2025-06-13,1004,小林九郎,break,12:00-13:00,,
2025-06-13,1005,加藤十郎,break,12:00-13:00,,
2025-06-14,2045,山口一郎,off,09:00-18:00,,
2025-06-14,7260,斎藤健一,off,09:00-18:00,,
2025-06-14,8339,山田美月,off,09:00-18:00,,
2025-06-14,9220,田中次郎,off,09:00-18:00,,
2025-06-14,9283,鈴木花子,off,09:00-18:00,,
2025-06-14,9527,高橋三郎,off,09:00-18:00,,
2025-06-14,9876,佐藤四郎,off,09:00-18:00,,
2025-06-14,9999,伊藤五郎,online,09:00-18:00,,
2025-06-14,1001,渡辺六郎,off,09:00-18:00,,
2025-06-14,1002,山本七郎,off,09:00-18:00,,
2025-06-14,1003,中村八郎,off,09:00-18:00,,
2025-06-14,1004,小林九郎,off,09:00-18:00,,
2025-06-14,1005,加藤十郎,off,09:00-18:00,,
2025-06-15,2045,山口一郎,off,09:00-18:00,,
2025-06-15,7260,斎藤健一,off,09:00-18:00,,
2025-06-15,8339,山田美月,off,09:00-18:00,,
2025-06-15,9220,田中次郎,off,09:00-18:00,,
2025-06-15,9283,鈴木花子,off,09:00-18:00,,
2025-06-15,9527,高橋三郎,off,09:00-18:00,,
2025-06-15,9876,佐藤四郎,off,09:00-18:00,,
2025-06-15,9999,伊藤五郎,off,09:00-18:00,,
2025-06-15,1001,渡辺六郎,off,09:00-18:00,,
2025-06-15,1002,山本七郎,online,09:00-18:00,,
2025-06-15,1003,中村八郎,off,09:00-18:00,,
2025-06-15,1004,小林九郎,off,09:00-18:00,,
2025-06-15,1005,加藤十郎,off,09:00-18:00,,
2025-06-16,2045,山口一郎,off,09:00-12:00,,
2025-06-16,2045,山口一郎,break,17:00-18:00,,
2025-06-16,2045,山口一郎,night_duty,18:00-21:00,,
2025-06-16,7260,斎藤健一,,,,,件名チェック担当
2025-06-16,8339,山田美月,break,12:00-13:00,,
2025-06-16,9220,田中次郎,break,12:00-13:00,,
2025-06-16,9283,鈴木花子,break,12:00-13:00,,
2025-06-16,9527,高橋三郎,break,12:00-13:00,,
2025-06-16,9876,佐藤四郎,break,12:00-13:00,,
2025-06-16,9999,伊藤五郎,break,12:00-13:00,,
2025-06-16,1001,渡辺六郎,break,12:00-13:00,,
2025-06-16,1002,山本七郎,break,12:00-13:00,,
2025-06-16,1003,中村八郎,break,12:00-13:00,,
2025-06-16,1004,小林九郎,break,12:00-13:00,,
2025-06-16,1005,加藤十郎,break,12:00-13:00,,
2025-06-17,2045,山口一郎,off,09:00-18:00,,
2025-06-17,7260,斎藤健一,break,12:00-13:00,,
2025-06-17,8339,山田美月,break,12:00-13:00,,
2025-06-17,9220,田中次郎,online,09:00-18:00,,
2025-06-17,9283,鈴木花子,break,12:00-13:00,,
2025-06-17,9527,高橋三郎,break,12:00-13:00,,
2025-06-17,9876,佐藤四郎,break,12:00-13:00,,
2025-06-17,9999,伊藤五郎,break,12:00-13:00,,
2025-06-17,1001,渡辺六郎,break,12:00-13:00,,
2025-06-17,1002,山本七郎,break,12:00-13:00,,
2025-06-17,1003,中村八郎,break,12:00-13:00,,
2025-06-17,1004,小林九郎,break,12:00-13:00,,
2025-06-17,1005,加藤十郎,break,12:00-13:00,,
2025-06-18,2045,山口一郎,off,09:00-18:00,,
2025-06-18,7260,斎藤健一,break,12:00-13:00,,
2025-06-18,8339,山田美月,break,12:00-13:00,,
2025-06-18,9220,田中次郎,break,12:00-13:00,,
2025-06-18,9283,鈴木花子,break,12:00-13:00,,
2025-06-18,9527,高橋三郎,break,12:00-13:00,,
2025-06-18,9876,佐藤四郎,break,12:00-13:00,,
2025-06-18,9999,伊藤五郎,break,12:00-13:00,,
2025-06-18,1001,渡辺六郎,break,12:00-13:00,,
2025-06-18,1002,山本七郎,break,12:00-13:00,,
2025-06-18,1003,中村八郎,online,09:00-18:00,,
2025-06-18,1004,小林九郎,break,12:00-13:00,,
2025-06-18,1005,加藤十郎,break,12:00-13:00,,
2025-06-19,2045,山口一郎,break,12:00-13:00,,
2025-06-19,7260,斎藤健一,,,,,件名チェック担当
2025-06-19,8339,山田美月,break,12:00-13:00,,
2025-06-19,9220,田中次郎,break,12:00-13:00,,
2025-06-19,9283,鈴木花子,break,12:00-13:00,,
2025-06-19,9527,高橋三郎,break,12:00-13:00,,
2025-06-19,9876,佐藤四郎,break,12:00-13:00,,
2025-06-19,9999,伊藤五郎,break,12:00-13:00,,
2025-06-19,1001,渡辺六郎,online,09:00-18:00,,
2025-06-19,1002,山本七郎,break,12:00-13:00,,
2025-06-19,1003,中村八郎,break,12:00-13:00,,
2025-06-19,1004,小林九郎,break,12:00-13:00,,
2025-06-19,1005,加藤十郎,break,12:00-13:00,,
2025-06-20,2045,山口一郎,off,09:00-12:00,,
2025-06-20,2045,山口一郎,break,17:00-18:00,,
2025-06-20,2045,山口一郎,night_duty,18:00-21:00,,
2025-06-20,7260,斎藤健一,break,12:00-13:00,,
2025-06-20,8339,山田美月,break,12:00-13:00,,
2025-06-20,9220,田中次郎,break,12:00-13:00,,
2025-06-20,9283,鈴木花子,online,09:00-18:00,,
2025-06-20,9527,高橋三郎,break,12:00-13:00,,
2025-06-20,9876,佐藤四郎,break,12:00-13:00,,
2025-06-20,9999,伊藤五郎,break,12:00-13:00,,
2025-06-20,1001,渡辺六郎,break,12:00-13:00,,
2025-06-20,1002,山本七郎,break,12:00-13:00,,
2025-06-20,1003,中村八郎,break,12:00-13:00,,
2025-06-20,1004,小林九郎,break,12:00-13:00,,
2025-06-20,1005,加藤十郎,break,12:00-13:00,,
2025-06-21,2045,山口一郎,break,12:00-13:00,,
2025-06-21,7260,斎藤健一,off,09:00-18:00,,
2025-06-21,8339,山田美月,off,09:00-18:00,,
2025-06-21,9220,田中次郎,off,09:00-18:00,,
2025-06-21,9283,鈴木花子,online,09:00-18:00,,
2025-06-21,9527,高橋三郎,off,09:00-18:00,,
2025-06-21,9876,佐藤四郎,off,09:00-18:00,,
2025-06-21,9999,伊藤五郎,off,09:00-18:00,,
2025-06-21,1001,渡辺六郎,off,09:00-18:00,,
2025-06-21,1002,山本七郎,off,09:00-18:00,,
2025-06-21,1003,中村八郎,off,09:00-18:00,,
2025-06-21,1004,小林九郎,off,09:00-18:00,,
2025-06-21,1005,加藤十郎,off,09:00-18:00,,
2025-06-22,2045,山口一郎,off,09:00-18:00,,
2025-06-22,7260,斎藤健一,off,09:00-18:00,,
2025-06-22,8339,山田美月,off,09:00-18:00,,
2025-06-22,9220,田中次郎,off,09:00-18:00,,
2025-06-22,9283,鈴木花子,off,09:00-18:00,,
2025-06-22,9527,高橋三郎,online,09:00-18:00,,
2025-06-22,9876,佐藤四郎,off,09:00-18:00,,
2025-06-22,9999,伊藤五郎,off,09:00-18:00,,
2025-06-22,1001,渡辺六郎,off,09:00-18:00,,
2025-06-22,1002,山本七郎,off,09:00-18:00,,
2025-06-22,1003,中村八郎,off,09:00-18:00,,
2025-06-22,1004,小林九郎,off,09:00-18:00,,
2025-06-22,1005,加藤十郎,off,09:00-18:00,,
2025-06-23,2045,山口一郎,off,09:00-18:00,,
2025-06-23,7260,斎藤健一,,,,,件名チェック担当
2025-06-23,8339,山田美月,break,12:00-13:00,,
2025-06-23,9220,田中次郎,break,12:00-13:00,,
2025-06-23,9283,鈴木花子,break,12:00-13:00,,
2025-06-23,9527,高橋三郎,break,12:00-13:00,,
2025-06-23,9876,佐藤四郎,break,12:00-13:00,,
2025-06-23,9999,伊藤五郎,break,12:00-13:00,,
2025-06-23,1001,渡辺六郎,break,12:00-13:00,,
2025-06-23,1002,山本七郎,online,09:00-18:00,,
2025-06-23,1003,中村八郎,break,12:00-13:00,,
2025-06-23,1004,小林九郎,break,12:00-13:00,,
2025-06-23,1005,加藤十郎,break,12:00-13:00,,
2025-06-24,2045,山口一郎,break,12:00-13:00,,
2025-06-24,7260,斎藤健一,break,12:00-13:00,,
2025-06-24,8339,山田美月,break,12:00-13:00,,
2025-06-24,9220,田中次郎,break,12:00-13:00,,
2025-06-24,9283,鈴木花子,break,12:00-13:00,,
2025-06-24,9527,高橋三郎,break,12:00-13:00,,
2025-06-24,9876,佐藤四郎,break,12:00-13:00,,
2025-06-24,9999,伊藤五郎,break,12:00-13:00,,
2025-06-24,1001,渡辺六郎,break,12:00-13:00,,
2025-06-24,1002,山本七郎,break,12:00-13:00,,
2025-06-24,1003,中村八郎,break,12:00-13:00,,
2025-06-24,1004,小林九郎,break,12:00-13:00,,
2025-06-24,1005,加藤十郎,online,09:00-18:00,,
2025-06-25,2045,山口一郎,off,09:00-12:00,,
2025-06-25,2045,山口一郎,break,17:00-18:00,,
2025-06-25,2045,山口一郎,night_duty,18:00-21:00,,
2025-06-25,7260,斎藤健一,break,12:00-13:00,,
2025-06-25,8339,山田美月,break,12:00-13:00,,
2025-06-25,9220,田中次郎,break,12:00-13:00,,
2025-06-25,9283,鈴木花子,break,12:00-13:00,,
2025-06-25,9527,高橋三郎,break,12:00-13:00,,
2025-06-25,9876,佐藤四郎,break,12:00-13:00,,
2025-06-25,9999,伊藤五郎,break,12:00-13:00,,
2025-06-25,1001,渡辺六郎,break,12:00-13:00,,
2025-06-25,1002,山本七郎,break,12:00-13:00,,
2025-06-25,1003,中村八郎,break,12:00-13:00,,
2025-06-25,1004,小林九郎,online,09:00-18:00,,
2025-06-25,1005,加藤十郎,break,12:00-13:00,,
2025-06-26,2045,山口一郎,off,09:00-18:00,,
2025-06-26,7260,斎藤健一,break,12:00-13:00,,
2025-06-26,8339,山田美月,online,09:00-18:00,,
2025-06-26,9220,田中次郎,break,12:00-13:00,,
2025-06-26,9283,鈴木花子,break,12:00-13:00,,
2025-06-26,9527,高橋三郎,break,12:00-13:00,,
2025-06-26,9876,佐藤四郎,break,12:00-13:00,,
2025-06-26,9999,伊藤五郎,break,12:00-13:00,,
2025-06-26,1001,渡辺六郎,break,12:00-13:00,,
2025-06-26,1002,山本七郎,break,12:00-13:00,,
2025-06-26,1003,中村八郎,break,12:00-13:00,,
2025-06-26,1004,小林九郎,break,12:00-13:00,,
2025-06-26,1005,加藤十郎,break,12:00-13:00,,
2025-06-27,2045,山口一郎,break,12:00-13:00,,
2025-06-27,7260,斎藤健一,break,12:00-13:00,,
2025-06-27,8339,山田美月,break,12:00-13:00,,
2025-06-27,9220,田中次郎,break,12:00-13:00,,
2025-06-27,9283,鈴木花子,break,12:00-13:00,,
2025-06-27,9527,高橋三郎,break,12:00-13:00,,
2025-06-27,9876,佐藤四郎,break,12:00-13:00,,
2025-06-27,9999,伊藤五郎,online,09:00-18:00,,
2025-06-27,1001,渡辺六郎,break,12:00-13:00,,
2025-06-27,1002,山本七郎,break,12:00-13:00,,
2025-06-27,1003,中村八郎,break,12:00-13:00,,
2025-06-27,1004,小林九郎,break,12:00-13:00,,
2025-06-27,1005,加藤十郎,break,12:00-13:00,,
2025-06-28,2045,山口一郎,off,09:00-18:00,,
2025-06-28,7260,斎藤健一,off,09:00-18:00,,
2025-06-28,8339,山田美月,off,09:00-18:00,,
2025-06-28,9220,田中次郎,off,09:00-18:00,,
2025-06-28,9283,鈴木花子,off,09:00-18:00,,
2025-06-28,9527,高橋三郎,off,09:00-18:00,,
2025-06-28,9876,佐藤四郎,online,09:00-18:00,,
2025-06-28,9999,伊藤五郎,off,09:00-18:00,,
2025-06-28,1001,渡辺六郎,off,09:00-18:00,,
2025-06-28,1002,山本七郎,off,09:00-18:00,,
2025-06-28,1003,中村八郎,off,09:00-18:00,,
2025-06-28,1004,小林九郎,off,09:00-18:00,,
2025-06-28,1005,加藤十郎,off,09:00-18:00,,
2025-06-29,2045,山口一郎,off,09:00-18:00,,
2025-06-29,7260,斎藤健一,off,09:00-18:00,,
2025-06-29,8339,山田美月,off,09:00-18:00,,
2025-06-29,9220,田中次郎,online,09:00-18:00,,
2025-06-29,9283,鈴木花子,off,09:00-18:00,,
2025-06-29,9527,高橋三郎,off,09:00-18:00,,
2025-06-29,9876,佐藤四郎,off,09:00-18:00,,
2025-06-29,9999,伊藤五郎,off,09:00-18:00,,
2025-06-29,1001,渡辺六郎,off,09:00-18:00,,
2025-06-29,1002,山本七郎,off,09:00-18:00,,
2025-06-29,1003,中村八郎,off,09:00-18:00,,
2025-06-29,1004,小林九郎,off,09:00-18:00,,
2025-06-29,1005,加藤十郎,off,09:00-18:00,,
2025-06-30,2045,山口一郎,break,12:00-13:00,,
2025-06-30,7260,斎藤健一,,,,,件名チェック担当
2025-06-30,8339,山田美月,break,12:00-13:00,,
2025-06-30,9220,田中次郎,break,12:00-13:00,,
2025-06-30,9283,鈴木花子,online,09:00-18:00,,
2025-06-30,9527,高橋三郎,break,12:00-13:00,,
2025-06-30,9876,佐藤四郎,break,12:00-13:00,,
2025-06-30,9999,伊藤五郎,break,12:00-13:00,,
2025-06-30,1001,渡辺六郎,break,12:00-13:00,,
2025-06-30,1002,山本七郎,break,12:00-13:00,,
2025-06-30,1003,中村八郎,break,12:00-13:00,,
2025-06-30,1004,小林九郎,break,12:00-13:00,,
2025-06-30,1005,加藤十郎,break,12:00-13:00,,
